query_table,query_column,query_index,candidate_table,candidate_column,similarity_score,query_sample_values,candidate_sample_values
ContinentCountryofNationality_affirmative_asylum.csv,title,1,Country_whr2015,title,0.6622922420501709,"Africa, Asia, Europe, North America, Oceania","Switzerland, Iceland, Denmark, Norway, Canada"
ContinentCountryofNationality_affirmative_asylum.csv,title,1,country_world-cities,title,0.6604683995246887,"Africa, Asia, Europe, North America, Oceania","Andorra, Andorra, United Arab Emirates, United Arab Emirates, United Arab Emirates"
ContinentCountryofNationality_affirmative_asylum.csv,title,1,Country_gender_development,title,0.6587767601013184,"Africa, Asia, Europe, North America, Oceania","Norway, Australia, Switzerland, Denmark, Netherlands"
ContinentCountryofNationality_affirmative_asylum.csv,title,1,country_full_fifa_ranking,title,0.6579558849334717,"Africa, Asia, Europe, North America, Oceania","Germany, Italy, Switzerland, Sweden, Argentina"
ContinentCountryofNationality_affirmative_asylum.csv,title,1,countries_hfi_cc_2018,title,0.6560627222061157,"Africa, Asia, Europe, North America, Oceania","Albania, Algeria, Angola, Argentina, Armenia"
ContinentCountryofNationality_affirmative_asylum.csv,title,1,Country_countries_of_the_world,title,0.6533370316028595,"Africa, Asia, Europe, North America, Oceania","Afghanistan, Albania, Algeria, American Samoa, Andorra"
ContinentCountryofNationality_affirmative_asylum.csv,title,1,Country_World_countries_env_vars,title,0.6525667011737823,"Africa, Asia, Europe, North America, Oceania","Russia, United States of America, Canada, Antarctica, Indonesia"
ContinentCountryofNationality_affirmative_asylum.csv,title,1,CountryDependency_population_by_country_2020,title,0.6518946886062622,"Africa, Asia, Europe, North America, Oceania","China, India, United States, Indonesia, Pakistan"
ContinentCountryofNationality_affirmative_asylum.csv,title,1,Name_AdventureWorks2014_CountryRegion,title,0.6514254510402679,"Africa, Asia, Europe, North America, Oceania","Andorra, United Arab Emirates, Afghanistan, Antigua and Barbuda, Anguilla"
ContinentCountryofNationality_affirmative_asylum.csv,title,1,CountryName_countries_metadatacountries,title,0.6512637734413147,"Africa, Asia, Europe, North America, Oceania","Aruba, Afghanistan, Angola, Albania, Andorra"
ContinentCountryofNationality_affirmative_asylum.csv,title,1,Name_world_country,title,0.6504679918289185,"Africa, Asia, Europe, North America, Oceania","Aruba, Afghanistan, Angola, Anguilla, Albania"
ContinentCountryofNationality_affirmative_asylum.csv,title,1,country_edu,title,0.6496798098087311,"Africa, Asia, Europe, North America, Oceania","ARAB WORLD, ARAB WORLD, ARAB WORLD, ARAB WORLD, ARAB WORLD"
ContinentCountryofNationality_affirmative_asylum.csv,title,1,name_countries_and_continents,title,0.6493043303489685,"Africa, Asia, Europe, North America, Oceania","Afghanistan, Albania, Algeria, American Samoa, Andorra"
ContinentCountryofNationality_affirmative_asylum.csv,title,1,ISO4217-currency_country_name_countries_and_continents,title,0.6491868495941162,"Africa, Asia, Europe, North America, Oceania","AFGHANISTAN, ALBANIA, ALGERIA, AMERICAN SAMOA, ANDORRA"
ContinentCountryofNationality_affirmative_asylum.csv,title,1,official_name_en_countries_and_continents,title,0.6482612490653992,"Africa, Asia, Europe, North America, Oceania","Channel Islands, Sark, Afghanistan, Albania, Algeria"
ContinentCountryofNationality_affirmative_asylum.csv,title,1,English_short_name_lower_case_wikipedia-iso-country-codes,title,0.6481378674507141,"Africa, Asia, Europe, North America, Oceania","Afghanistan, Åland Islands, Albania, Algeria, American Samoa"
ContinentCountryofNationality_affirmative_asylum.csv,title,1,CountryName_countries_data,title,0.6455287039279938,"Africa, Asia, Europe, North America, Oceania","Aruba, Aruba, Aruba, Aruba, Aruba"
ContinentCountryofNationality_affirmative_asylum.csv,title,1,Continent_world_country,title,0.6329905688762665,"Africa, Asia, Europe, North America, Oceania","North America, Asia, Africa, North America, Europe"
ContinentCountryofNationality_affirmative_asylum.csv,title,1,Country_MoviesOnStreamingPlatforms_updated,title,0.6172924935817719,"Africa, Asia, Europe, North America, Oceania","United States,United Kingdom, United States, United States, United States, Italy,Spain,West Germany"
ContinentCountryofNationality_affirmative_asylum.csv,title,1,official_name_fr_countries_and_continents,title,0.6142605543136597,"Africa, Asia, Europe, North America, Oceania","Îles Anglo-Normandes, Sercq, Afghanistan, Albanie, Algérie"
ContinentCountryofNationality_affirmative_asylum.csv,title,1,country_who_suicide_statistics,title,0.6067023873329163,"Africa, Asia, Europe, North America, Oceania","Albania, Albania, Albania, Albania, Albania"
ContinentCountryofNationality_affirmative_asylum.csv,title,1,LocalName_world_country,title,0.604458212852478,"Africa, Asia, Europe, North America, Oceania","Aruba, Afganistan/Afqanestan, Angola, Anguilla, Shqipëria"
ContinentCountryofNationality_affirmative_asylum.csv,title,1,Region_world_country,title,0.6034305989742279,"Africa, Asia, Europe, North America, Oceania","Caribbean, Southern and Central Asia, Central Africa, Caribbean, Southern Europe"
ContinentCountryofNationality_affirmative_asylum.csv,title,1,Group_AdventureWorks2014_salesTerritory,title,0.6030765473842621,"Africa, Asia, Europe, North America, Oceania","North America, North America, North America, North America, North America"
ContinentCountryofNationality_affirmative_asylum.csv,title,1,region_hfi_cc_2018,title,0.6001410782337189,"Africa, Asia, Europe, North America, Oceania","Eastern Europe, Middle East & North Africa, Sub-Saharan Africa, Latin America & the Caribbean, Caucasus & Central Asia"
ContinentCountryofNationality_affirmative_asylum.csv,title,1,country_netflix_titles,title,0.5995821058750153,"Africa, Asia, Europe, North America, Oceania","United States, India, South Korea, China, United Kingdom, United States, United States, United States"
ContinentCountryofNationality_affirmative_asylum.csv,title,1,Region_countries_metadatacountries,title,0.5963462293148041,"Africa, Asia, Europe, North America, Oceania","Latin America & Caribbean, South Asia, Sub-Saharan Africa, Europe & Central Asia, Europe & Central Asia"
ContinentCountryofNationality_affirmative_asylum.csv,title,1,Country_Word_University_Rank_2020,title,0.5960207879543304,"Africa, Asia, Europe, North America, Oceania","United Kingdom, United States, United Kingdom, United States, United States"
ContinentCountryofNationality_affirmative_asylum.csv,title,1,Region_whr2015,title,0.5948477387428284,"Africa, Asia, Europe, North America, Oceania","Western Europe, Western Europe, Western Europe, Western Europe, North America"
ContinentCountryofNationality_affirmative_asylum.csv,title,1,Region_countries_of_the_world,title,0.5887941420078278,"Africa, Asia, Europe, North America, Oceania","ASIA (EX. NEAR EAST), EASTERN EUROPE, NORTHERN AFRICA, OCEANIA, WESTERN EUROPE"
ContinentCountryofNationality_affirmative_asylum.csv,title,1,macroarea_language,title,0.5797817707061768,"Africa, Asia, Europe, North America, Oceania","Africa, Papunesia, Africa, Africa, Eurasia"
ContinentCountryofNationality_affirmative_asylum.csv,title,1,bplg_ipums_la_98-small,title,0.5783068835735321,"Africa, Asia, Europe, North America, Oceania","California, California, California, California, California"
ContinentCountryofNationality_affirmative_asylum.csv,title,1,City_worldcitiespop,title,0.5756941586732864,"Africa, Asia, Europe, North America, Oceania","aixas, aixirivali, aixirivall, aixirvall, aixovall"
ContinentCountryofNationality_affirmative_asylum.csv,title,1,country_movie_metadata,title,0.5752330422401428,"Africa, Asia, Europe, North America, Oceania","USA, USA, UK, USA, USA"
ContinentCountryofNationality_affirmative_asylum.csv,title,1,AccentCity_worldcitiespop,title,0.5740537941455841,"Africa, Asia, Europe, North America, Oceania","Aixàs, Aixirivali, Aixirivall, Aixirvall, Aixovall"
ContinentCountryofNationality_affirmative_asylum.csv,title,1,country_movies,title,0.5641409456729889,"Africa, Asia, Europe, North America, Oceania","USA, USA, USA, USA, USA"
ContinentCountryofNationality_affirmative_asylum.csv,title,1,country_cwurData,title,0.5615126490592957,"Africa, Asia, Europe, North America, Oceania","USA, USA, USA, United Kingdom, USA"
ContinentCountryofNationality_affirmative_asylum.csv,title,1,ISO4217-currency_name_countries_and_continents,title,0.552946925163269,"Africa, Asia, Europe, North America, Oceania","Afghani, Lek, Algerian Dinar, US Dollar, Euro"
ContinentCountryofNationality_affirmative_asylum.csv,title,1,subcountry_world-cities,title,0.5516828298568726,"Africa, Asia, Europe, North America, Oceania","Escaldes-Engordany, Andorra la Vella, Umm al Qaywayn, Raʼs al Khaymah, Ash Shāriqah"
ContinentCountryofNationality_affirmative_asylum.csv,title,1,Title_SFF_Dataset,title,0.5486281663179398,"Africa, Asia, Europe, North America, Oceania","The Warrior Who Carried Life, Battle Station, The Astral Mirror, The Winds of Altair, Welcome to Moonbase"
ContinentCountryofNationality_affirmative_asylum.csv,title,1,District_world_city,title,0.5457550287246704,"Africa, Asia, Europe, North America, Oceania","Kabol, Qandahar, Herat, Balkh, Noord-Holland"
ContinentCountryofNationality_affirmative_asylum.csv,title,1,name_world-cities,title,0.5439082831144333,"Africa, Asia, Europe, North America, Oceania","les Escaldes, Andorra la Vella, Umm al Qaywayn, Ras al-Khaimah, Khawr Fakkān"
ContinentCountryofNationality_affirmative_asylum.csv,title,1,Title_MoviesOnStreamingPlatforms_updated,title,0.540795236825943,"Africa, Asia, Europe, North America, Oceania","Inception, The Matrix, Avengers: Infinity War, Back to the Future, The Good, the Bad and the Ugly"
ContinentCountryofNationality_affirmative_asylum.csv,title,1,name_imdb_ijs_movies,title,0.5399612486362457,"Africa, Asia, Europe, North America, Oceania","#28, #7 Train: An Immigrant Journey, The, $, $1,000 Reward, $1,000 Reward"
ContinentCountryofNationality_affirmative_asylum.csv,title,1,Capital_countries_and_continents,title,0.5393651127815247,"Africa, Asia, Europe, North America, Oceania","Kabul, Tirana, Algiers, Pago Pago, Andorra la Vella"
ContinentCountryofNationality_affirmative_asylum.csv,title,1,State_Minimum_Wage_Data,title,0.5369894206523895,"Africa, Asia, Europe, North America, Oceania","Alabama, Alaska, Arizona, Arkansas, California"
ContinentCountryofNationality_affirmative_asylum.csv,title,1,Language_world_countryLanguage,title,0.536508709192276,"Africa, Asia, Europe, North America, Oceania","Dutch, English, Papiamento, Spanish, Balochi"
ContinentCountryofNationality_affirmative_asylum.csv,title,1,Name_language,title,0.5364464223384857,"Africa, Asia, Europe, North America, Oceania","Arapesh (Abu), Aari, Abau, Arabic (Abbéché Chad), Abidji"
ContinentCountryofNationality_affirmative_asylum.csv,title,1,state_USA_cars_datasets,title,0.5353522002696991,"Africa, Asia, Europe, North America, Oceania","new jersey, tennessee, georgia, virginia, florida"
ContinentCountryofNationality_affirmative_asylum.csv,title,1,lastname_imdb_ijs_directors,title,0.5342085063457489,"Africa, Asia, Europe, North America, Oceania","1, 12 Poissons, a'Hiller, A, A-Mansour"
Arg0_pte_ames.csv,title,2,Arg0_pte_ind,title,0.8118757009506226,"d1, d10, d11, d113, d12","d1, d1, d10, d109, d114"
Arg0_pte_ames.csv,title,2,Arg0_pte_has_property,title,0.8054523766040802,"d1, d10, d11, d113, d12","d1, d1, d1, d1, d10"
Arg0_pte_ames.csv,title,2,drugid_pte_drug,title,0.8046461045742035,"d1, d10, d11, d113, d12","d1, d10, d100, d101, d102"
Arg0_pte_ames.csv,title,2,Arg0_pte_bound_cnt,title,0.8046460449695587,"d1, d10, d11, d113, d12","d158, d194, d115, d178, d310"
Arg0_pte_ames.csv,title,2,Arg0_pte_atm_count,title,0.8046460449695587,"d1, d10, d11, d113, d12","d158, d194, d115, d178, d310"
Arg0_pte_ames.csv,title,2,Arg0_pte_atm_min_charge,title,0.8046460449695587,"d1, d10, d11, d113, d12","d7, d23_2, d2, d70, d11"
Arg0_pte_ames.csv,title,2,Arg0_pte_atm_max_charge,title,0.8046460449695587,"d1, d10, d11, d113, d12","d319, d239, d119, d193, d245"
Arg0_pte_ames.csv,title,2,drugid_pte_atm,title,0.8007856905460358,"d1, d10, d11, d113, d12","d100, d100, d100, d100, d100"
Arg0_pte_ames.csv,title,2,drugid_pte_bound,title,0.8006657660007477,"d1, d10, d11, d113, d12","d100, d100, d100, d100, d100"
Arg0_pte_ames.csv,title,2,drugid_pte_active_active,title,0.8004179894924164,"d1, d10, d11, d113, d12","d110, d111, d114, d116, d117"
Arg0_pte_ames.csv,title,2,Arg0_pte_six_ring,title,0.7909861207008362,"d1, d10, d11, d113, d12","d1, d1, d1, d10, d100"
Arg0_pte_ames.csv,title,2,Arg0_pte_active,title,0.7909336686134338,"d1, d10, d11, d113, d12","d1, d10, d100, d101, d102"
Arg0_pte_ames.csv,title,2,Arg0_pte_non_ar_6c_ring,title,0.7865800857543945,"d1, d10, d11, d113, d12","d1, d1, d1, d10, d100"
Arg0_pte_ames.csv,title,2,Arg0_pte_nitro,title,0.7831787168979645,"d1, d10, d11, d113, d12","d127, d13, d131, d16, d18"
Arg0_pte_ames.csv,title,2,Arg0_pte_amine,title,0.7808298170566559,"d1, d10, d11, d113, d12","d1, d109, d109, d11, d11"
Arg0_pte_ames.csv,title,2,Arg0_pte_methyl,title,0.7758890390396118,"d1, d10, d11, d113, d12","d107, d107, d107, d107, d107"
Arg0_pte_ames.csv,title,2,moleculeid_mutagenesis_atom,title,0.7748735845088959,"d1, d10, d11, d113, d12","d100, d100, d100, d100, d100"
Arg0_pte_ames.csv,title,2,moleculeid_mutagenesis_molecule,title,0.7745119631290436,"d1, d10, d11, d113, d12","d1, d10, d100, d101, d102"
Arg0_pte_ames.csv,title,2,Arg0_pte_ether,title,0.7738194763660431,"d1, d10, d11, d113, d12","d10, d108, d109, d11, d111"
Arg0_pte_ames.csv,title,2,Arg0_pte_mutagenic,title,0.771689385175705,"d1, d10, d11, d113, d12","d101, d104, d106, d107, d112"
Arg0_pte_ames.csv,title,2,Arg0_pte_non_ar_hetero_5_ring,title,0.7613408863544464,"d1, d10, d11, d113, d12","d109, d112, d112, d112, d112"
Arg0_pte_ames.csv,title,2,Arg0_pte_methoxy,title,0.7599540650844574,"d1, d10, d11, d113, d12","d11, d122, d122, d131, d137"
Arg0_pte_ames.csv,title,2,atomid_pte_atm,title,0.7548844516277313,"d1, d10, d11, d113, d12","d100_1, d100_10, d100_11, d100_12, d100_13"
Arg0_pte_ames.csv,title,2,atomid2_pte_bound,title,0.754328191280365,"d1, d10, d11, d113, d12","d100_2, d100_25, d100_12, d100_17, d100_13"
Arg0_pte_ames.csv,title,2,Arg0_pte_ketone,title,0.7537938952445984,"d1, d10, d11, d113, d12","d1, d1, d109, d114, d123"
Arg0_pte_ames.csv,title,2,Arg0_pte_sulfide,title,0.7537684142589569,"d1, d10, d11, d113, d12","d109, d117, d117, d124, d142"
Arg0_pte_ames.csv,title,2,Arg0_pte_non_ar_hetero_6_ring,title,0.7536086142063141,"d1, d10, d11, d113, d12","d111, d112, d112, d114, d117"
Arg0_pte_ames.csv,title,2,atomid1_pte_bound,title,0.7530941665172577,"d1, d10, d11, d113, d12","d100_1, d100_1, d100_11, d100_11, d100_12"
Arg0_pte_ames.csv,title,2,atomid_pte_atm_bound_count,title,0.7530743181705475,"d1, d10, d11, d113, d12","d100_16, d108_16, d108_22, d109_1, d109_13"
Arg0_pte_ames.csv,title,2,Arg0_pte_imine,title,0.7487870156764984,"d1, d10, d11, d113, d12","d175, d175, d211, d217, d252"
Arg0_pte_ames.csv,title,2,Arg0_pte_five_ring,title,0.7456573247909546,"d1, d10, d11, d113, d12","d101, d101, d101, d106, d106"
Arg0_pte_ames.csv,title,2,Arg0_pte_testactive,title,0.7449673712253571,"d1, d10, d11, d113, d12","d297, d298, d299, d300, d302"
Arg0_pte_ames.csv,title,2,Arg0_pte_postestactive_neg,title,0.7449673712253571,"d1, d10, d11, d113, d12","d296, d305, d306, d307, d308"
Arg0_pte_ames.csv,title,2,Arg0_pte_testactive_Neg,title,0.7449673712253571,"d1, d10, d11, d113, d12","d296, d305, d306, d307, d308"
Arg0_pte_ames.csv,title,2,Arg0_pte_phenol,title,0.7399813830852509,"d1, d10, d11, d113, d12","d133, d138, d138, d140, d140"
Arg0_pte_ames.csv,title,2,Arg0_pte_alkyl_halide,title,0.7395389080047607,"d1, d10, d11, d113, d12","d101, d101, d101, d101, d101"
Arg0_pte_ames.csv,title,2,Arg0_pte_postestactive,title,0.7385952770709991,"d1, d10, d11, d113, d12","d296, d305, d306, d307, d308"
Arg0_pte_ames.csv,title,2,atomid_mutagenesis_atom,title,0.7384777665138245,"d1, d10, d11, d113, d12","d100_1, d100_10, d100_11, d100_12, d100_13"
Arg0_pte_ames.csv,title,2,atom2id_mutagenesis_bond,title,0.738215297460556,"d1, d10, d11, d113, d12","d100_2, d100_7, d100_12, d100_13, d100_17"
Arg0_pte_ames.csv,title,2,Arg0_pte_sulfo,title,0.7356678247451782,"d1, d10, d11, d113, d12","d212, d212, d221, d221, d224"
Arg0_pte_ames.csv,title,2,atom1id_mutagenesis_bond,title,0.73446324467659,"d1, d10, d11, d113, d12","d100_1, d100_1, d100_11, d100_12, d100_12"
Arg0_pte_ames.csv,title,2,Arg0_pte_ester,title,0.7310931980609894,"d1, d10, d11, d113, d12","d136, d136, d136, d136, d136"
Arg0_pte_ames.csv,title,2,Arg0_pte_non_ar_5c_ring,title,0.7149061560630798,"d1, d10, d11, d113, d12","d101, d101, d101, d106, d106"
Arg0_pte_ames.csv,title,2,durationlisted_cars,title,0.7124903202056885,"d1, d10, d11, d113, d12","16, 83, 151, 86, 7"
Arg0_pte_ames.csv,title,2,alumni_employment_cwurData,title,0.7119555175304413,"d1, d10, d11, d113, d12","9, 17, 11, 24, 29"
Arg0_pte_ames.csv,title,2,Score_Rank_Word_University_Rank_2020,title,0.7101046442985535,"d1, d10, d11, d113, d12","1, 2, 3, 4, 5"
Arg0_pte_ames.csv,title,2,id_top10s,title,0.7100699841976166,"d1, d10, d11, d113, d12","1, 2, 3, 4, 5"
Arg0_pte_ames.csv,title,2,id_themes,title,0.7093968391418457,"d1, d10, d11, d113, d12","1, 2, 3, 4, 5"
Arg0_pte_ames.csv,title,2,numpages_books,title,0.709040492773056,"d1, d10, d11, d113, d12","652, 870, 352, 435, 2690"
Arg0_pte_ames.csv,title,2,quality_of_education_cwurData,title,0.7086774110794067,"d1, d10, d11, d113, d12","7, 9, 17, 10, 2"
Arg0_pte_ester.csv,title,3,Arg0_pte_ketone,title,0.80491504073143,"d136, d136, d136, d136, d136","d1, d1, d109, d114, d123"
Arg0_pte_ester.csv,title,3,Arg0_pte_ether,title,0.7985200583934784,"d136, d136, d136, d136, d136","d10, d108, d109, d11, d111"
Arg0_pte_ester.csv,title,3,drugid_pte_atm,title,0.7872024774551392,"d136, d136, d136, d136, d136","d100, d100, d100, d100, d100"
Arg0_pte_ester.csv,title,3,drugid_pte_bound,title,0.7870063781738281,"d136, d136, d136, d136, d136","d100, d100, d100, d100, d100"
Arg0_pte_ester.csv,title,3,Arg0_pte_atm_min_charge,title,0.7838397026062012,"d136, d136, d136, d136, d136","d7, d23_2, d2, d70, d11"
Arg0_pte_ester.csv,title,3,Arg0_pte_atm_count,title,0.7838396728038788,"d136, d136, d136, d136, d136","d158, d194, d115, d178, d310"
Arg0_pte_ester.csv,title,3,drugid_pte_drug,title,0.7838396728038788,"d136, d136, d136, d136, d136","d1, d10, d100, d101, d102"
Arg0_pte_ester.csv,title,3,Arg0_pte_bound_cnt,title,0.7838396728038788,"d136, d136, d136, d136, d136","d158, d194, d115, d178, d310"
Arg0_pte_ester.csv,title,3,Arg0_pte_atm_max_charge,title,0.7838396430015564,"d136, d136, d136, d136, d136","d319, d239, d119, d193, d245"
Arg0_pte_ester.csv,title,3,Arg0_pte_has_property,title,0.7822901606559753,"d136, d136, d136, d136, d136","d1, d1, d1, d1, d10"
Arg0_pte_ester.csv,title,3,Arg0_pte_mutagenic,title,0.78144571185112,"d136, d136, d136, d136, d136","d101, d104, d106, d107, d112"
Arg0_pte_ester.csv,title,3,Arg0_pte_methyl,title,0.7800123989582062,"d136, d136, d136, d136, d136","d107, d107, d107, d107, d107"
Arg0_pte_ester.csv,title,3,drugid_pte_active_active,title,0.7791129648685455,"d136, d136, d136, d136, d136","d110, d111, d114, d116, d117"
Arg0_pte_ester.csv,title,3,Arg0_pte_non_ar_hetero_6_ring,title,0.7634184062480927,"d136, d136, d136, d136, d136","d111, d112, d112, d114, d117"
Arg0_pte_ester.csv,title,3,Arg0_pte_six_ring,title,0.7615199387073517,"d136, d136, d136, d136, d136","d1, d1, d1, d10, d100"
Arg0_pte_ester.csv,title,3,Arg0_pte_ind,title,0.756740391254425,"d136, d136, d136, d136, d136","d1, d1, d10, d109, d114"
Arg0_pte_ester.csv,title,3,moleculeid_mutagenesis_molecule,title,0.7554550170898438,"d136, d136, d136, d136, d136","d1, d10, d100, d101, d102"
Arg0_pte_ester.csv,title,3,moleculeid_mutagenesis_atom,title,0.754522442817688,"d136, d136, d136, d136, d136","d100, d100, d100, d100, d100"
Arg0_pte_ester.csv,title,3,Arg0_pte_non_ar_6c_ring,title,0.7530531585216522,"d136, d136, d136, d136, d136","d1, d1, d1, d10, d100"
Arg0_pte_ester.csv,title,3,Arg0_pte_five_ring,title,0.752891480922699,"d136, d136, d136, d136, d136","d101, d101, d101, d106, d106"
Arg0_pte_ester.csv,title,3,Arg0_pte_non_ar_hetero_5_ring,title,0.7511660158634186,"d136, d136, d136, d136, d136","d109, d112, d112, d112, d112"
Arg0_pte_ester.csv,title,3,Arg0_pte_methoxy,title,0.7480529546737671,"d136, d136, d136, d136, d136","d11, d122, d122, d131, d137"
Arg0_pte_ester.csv,title,3,Arg0_pte_sulfide,title,0.7448444068431854,"d136, d136, d136, d136, d136","d109, d117, d117, d124, d142"
Arg0_pte_ester.csv,title,3,Arg0_pte_active,title,0.7437787652015686,"d136, d136, d136, d136, d136","d1, d10, d100, d101, d102"
Arg0_pte_ester.csv,title,3,atomid1_pte_bound,title,0.7410653233528137,"d136, d136, d136, d136, d136","d100_1, d100_1, d100_11, d100_11, d100_12"
Arg0_pte_ester.csv,title,3,atomid_pte_atm,title,0.7410115599632263,"d136, d136, d136, d136, d136","d100_1, d100_10, d100_11, d100_12, d100_13"
Arg0_pte_ester.csv,title,3,atomid_pte_atm_bound_count,title,0.7400177121162415,"d136, d136, d136, d136, d136","d100_16, d108_16, d108_22, d109_1, d109_13"
Arg0_pte_ester.csv,title,3,atomid2_pte_bound,title,0.739290863275528,"d136, d136, d136, d136, d136","d100_2, d100_25, d100_12, d100_17, d100_13"
Arg0_pte_ester.csv,title,3,Arg0_pte_amine,title,0.7359237670898438,"d136, d136, d136, d136, d136","d1, d109, d109, d11, d11"
Arg0_pte_ester.csv,title,3,Arg0_pte_phenol,title,0.7342143654823303,"d136, d136, d136, d136, d136","d133, d138, d138, d140, d140"
Arg0_pte_ester.csv,title,3,Arg0_pte_alkyl_halide,title,0.7335975766181946,"d136, d136, d136, d136, d136","d101, d101, d101, d101, d101"
Arg0_pte_ester.csv,title,3,Arg0_pte_testactive_Neg,title,0.7232697308063507,"d136, d136, d136, d136, d136","d296, d305, d306, d307, d308"
Arg0_pte_ester.csv,title,3,Arg0_pte_postestactive_neg,title,0.7232697308063507,"d136, d136, d136, d136, d136","d296, d305, d306, d307, d308"
Arg0_pte_ester.csv,title,3,Arg0_pte_testactive,title,0.7232697308063507,"d136, d136, d136, d136, d136","d297, d298, d299, d300, d302"
Arg0_pte_ester.csv,title,3,atomid_mutagenesis_atom,title,0.7230904698371887,"d136, d136, d136, d136, d136","d100_1, d100_10, d100_11, d100_12, d100_13"
Arg0_pte_ester.csv,title,3,atom2id_mutagenesis_bond,title,0.7228246033191681,"d136, d136, d136, d136, d136","d100_2, d100_7, d100_12, d100_13, d100_17"
Arg0_pte_ester.csv,title,3,Arg0_pte_ames,title,0.7222491800785065,"d136, d136, d136, d136, d136","d1, d10, d11, d113, d12"
Arg0_pte_ester.csv,title,3,atom1id_mutagenesis_bond,title,0.7214594185352325,"d136, d136, d136, d136, d136","d100_1, d100_1, d100_11, d100_12, d100_12"
Arg0_pte_ester.csv,title,3,Arg0_pte_non_ar_5c_ring,title,0.7148838341236115,"d136, d136, d136, d136, d136","d101, d101, d101, d106, d106"
Arg0_pte_ester.csv,title,3,Arg0_pte_postestactive,title,0.713781088590622,"d136, d136, d136, d136, d136","d296, d305, d306, d307, d308"
Arg0_pte_ester.csv,title,3,Arg0_pte_imine,title,0.7087015807628632,"d136, d136, d136, d136, d136","d175, d175, d211, d217, d252"
Arg0_pte_ester.csv,title,3,Arg0_pte_nitro,title,0.7048565447330475,"d136, d136, d136, d136, d136","d127, d13, d131, d16, d18"
Arg0_pte_ester.csv,title,3,Arg0_pte_sulfo,title,0.6967690289020538,"d136, d136, d136, d136, d136","d212, d212, d221, d221, d224"
Arg0_pte_ester.csv,title,3,dur_top10s,title,0.6933319866657257,"d136, d136, d136, d136, d136","217, 263, 200, 295, 221"
Arg0_pte_ester.csv,title,3,accountid_financial_trans,title,0.6894946992397308,"d136, d136, d136, d136, d136","1, 1, 1, 1, 1"
Arg0_pte_ester.csv,title,3,numpages_books,title,0.6888307929039001,"d136, d136, d136, d136, d136","652, 870, 352, 435, 2690"
Arg0_pte_ester.csv,title,3,GAUL_countries_and_continents,title,0.6869245171546936,"d136, d136, d136, d136, d136","1, 3, 4, 5, 7"
Arg0_pte_ester.csv,title,3,Score_Rank_Word_University_Rank_2020,title,0.6868564486503601,"d136, d136, d136, d136, d136","1, 2, 3, 4, 5"
Arg0_pte_ester.csv,title,3,id_top10s,title,0.6849057674407959,"d136, d136, d136, d136, d136","1, 2, 3, 4, 5"
Arg0_pte_ester.csv,title,3,id_themes,title,0.6843814253807068,"d136, d136, d136, d136, d136","1, 2, 3, 4, 5"
Arg0_pte_five_ring.csv,title,4,Arg0_pte_non_ar_hetero_5_ring,title,0.8168497979640961,"d101, d101, d101, d106, d106","d109, d112, d112, d112, d112"
Arg0_pte_five_ring.csv,title,4,Arg0_pte_non_ar_5c_ring,title,0.7958981096744537,"d101, d101, d101, d106, d106","d101, d101, d101, d106, d106"
Arg0_pte_five_ring.csv,title,4,drugid_pte_bound,title,0.789257675409317,"d101, d101, d101, d106, d106","d100, d100, d100, d100, d100"
Arg0_pte_five_ring.csv,title,4,drugid_pte_atm,title,0.789076417684555,"d101, d101, d101, d106, d106","d100, d100, d100, d100, d100"
Arg0_pte_five_ring.csv,title,4,Arg0_pte_mutagenic,title,0.7876834869384766,"d101, d101, d101, d106, d106","d101, d104, d106, d107, d112"
Arg0_pte_five_ring.csv,title,4,Arg0_pte_atm_count,title,0.7868156433105469,"d101, d101, d101, d106, d106","d158, d194, d115, d178, d310"
Arg0_pte_five_ring.csv,title,4,Arg0_pte_atm_max_charge,title,0.7868156135082245,"d101, d101, d101, d106, d106","d319, d239, d119, d193, d245"
Arg0_pte_five_ring.csv,title,4,drugid_pte_drug,title,0.7868156135082245,"d101, d101, d101, d106, d106","d1, d10, d100, d101, d102"
Arg0_pte_five_ring.csv,title,4,Arg0_pte_atm_min_charge,title,0.7868156135082245,"d101, d101, d101, d106, d106","d7, d23_2, d2, d70, d11"
Arg0_pte_five_ring.csv,title,4,Arg0_pte_bound_cnt,title,0.7868156135082245,"d101, d101, d101, d106, d106","d158, d194, d115, d178, d310"
Arg0_pte_five_ring.csv,title,4,Arg0_pte_has_property,title,0.7863266468048096,"d101, d101, d101, d106, d106","d1, d1, d1, d1, d10"
Arg0_pte_five_ring.csv,title,4,drugid_pte_active_active,title,0.7838270664215088,"d101, d101, d101, d106, d106","d110, d111, d114, d116, d117"
Arg0_pte_five_ring.csv,title,4,Arg0_pte_six_ring,title,0.7806209623813629,"d101, d101, d101, d106, d106","d1, d1, d1, d10, d100"
Arg0_pte_five_ring.csv,title,4,Arg0_pte_ether,title,0.7768974900245667,"d101, d101, d101, d106, d106","d10, d108, d109, d11, d111"
Arg0_pte_five_ring.csv,title,4,Arg0_pte_non_ar_6c_ring,title,0.7737089097499847,"d101, d101, d101, d106, d106","d1, d1, d1, d10, d100"
Arg0_pte_five_ring.csv,title,4,Arg0_pte_ind,title,0.7724643349647522,"d101, d101, d101, d106, d106","d1, d1, d10, d109, d114"
Arg0_pte_five_ring.csv,title,4,Arg0_pte_alkyl_halide,title,0.7722829878330231,"d101, d101, d101, d106, d106","d101, d101, d101, d101, d101"
Arg0_pte_five_ring.csv,title,4,Arg0_pte_non_ar_hetero_6_ring,title,0.7704871594905853,"d101, d101, d101, d106, d106","d111, d112, d112, d114, d117"
Arg0_pte_five_ring.csv,title,4,Arg0_pte_ketone,title,0.7668562531471252,"d101, d101, d101, d106, d106","d1, d1, d109, d114, d123"
Arg0_pte_five_ring.csv,title,4,moleculeid_mutagenesis_molecule,title,0.7663461267948151,"d101, d101, d101, d106, d106","d1, d10, d100, d101, d102"
Arg0_pte_five_ring.csv,title,4,moleculeid_mutagenesis_atom,title,0.7663366198539734,"d101, d101, d101, d106, d106","d100, d100, d100, d100, d100"
Arg0_pte_five_ring.csv,title,4,Arg0_pte_methyl,title,0.7590567171573639,"d101, d101, d101, d106, d106","d107, d107, d107, d107, d107"
Arg0_pte_five_ring.csv,title,4,Arg0_pte_active,title,0.7577822208404541,"d101, d101, d101, d106, d106","d1, d10, d100, d101, d102"
Arg0_pte_five_ring.csv,title,4,Arg0_pte_ester,title,0.7560307383537292,"d101, d101, d101, d106, d106","d136, d136, d136, d136, d136"
Arg0_pte_five_ring.csv,title,4,Arg0_pte_sulfide,title,0.7494732439517975,"d101, d101, d101, d106, d106","d109, d117, d117, d124, d142"
Arg0_pte_five_ring.csv,title,4,atomid_pte_atm,title,0.7449481785297394,"d101, d101, d101, d106, d106","d100_1, d100_10, d100_11, d100_12, d100_13"
Arg0_pte_five_ring.csv,title,4,atomid2_pte_bound,title,0.7447441816329956,"d101, d101, d101, d106, d106","d100_2, d100_25, d100_12, d100_17, d100_13"
Arg0_pte_five_ring.csv,title,4,atomid1_pte_bound,title,0.7440236806869507,"d101, d101, d101, d106, d106","d100_1, d100_1, d100_11, d100_11, d100_12"
Arg0_pte_five_ring.csv,title,4,atomid_pte_atm_bound_count,title,0.7432051301002502,"d101, d101, d101, d106, d106","d100_16, d108_16, d108_22, d109_1, d109_13"
Arg0_pte_five_ring.csv,title,4,Arg0_pte_ames,title,0.7385438680648804,"d101, d101, d101, d106, d106","d1, d10, d11, d113, d12"
Arg0_pte_five_ring.csv,title,4,Arg0_pte_amine,title,0.7348704040050507,"d101, d101, d101, d106, d106","d1, d109, d109, d11, d11"
Arg0_pte_five_ring.csv,title,4,Arg0_pte_methoxy,title,0.7334834635257721,"d101, d101, d101, d106, d106","d11, d122, d122, d131, d137"
Arg0_pte_five_ring.csv,title,4,atomid_mutagenesis_atom,title,0.7325116097927094,"d101, d101, d101, d106, d106","d100_1, d100_10, d100_11, d100_12, d100_13"
Arg0_pte_five_ring.csv,title,4,atom2id_mutagenesis_bond,title,0.732097864151001,"d101, d101, d101, d106, d106","d100_2, d100_7, d100_12, d100_13, d100_17"
Arg0_pte_five_ring.csv,title,4,atom1id_mutagenesis_bond,title,0.730459064245224,"d101, d101, d101, d106, d106","d100_1, d100_1, d100_11, d100_12, d100_12"
Arg0_pte_five_ring.csv,title,4,Arg0_pte_postestactive_neg,title,0.727338969707489,"d101, d101, d101, d106, d106","d296, d305, d306, d307, d308"
Arg0_pte_five_ring.csv,title,4,Arg0_pte_testactive,title,0.7273389399051666,"d101, d101, d101, d106, d106","d297, d298, d299, d300, d302"
Arg0_pte_five_ring.csv,title,4,Arg0_pte_testactive_Neg,title,0.7273389399051666,"d101, d101, d101, d106, d106","d296, d305, d306, d307, d308"
Arg0_pte_five_ring.csv,title,4,Arg0_pte_phenol,title,0.7243577241897583,"d101, d101, d101, d106, d106","d133, d138, d138, d140, d140"
Arg0_pte_five_ring.csv,title,4,Arg0_pte_sulfo,title,0.71916863322258,"d101, d101, d101, d106, d106","d212, d212, d221, d221, d224"
Arg0_pte_five_ring.csv,title,4,Arg0_pte_imine,title,0.7190524339675903,"d101, d101, d101, d106, d106","d175, d175, d211, d217, d252"
Arg0_pte_five_ring.csv,title,4,Arg0_pte_nitro,title,0.7149374783039093,"d101, d101, d101, d106, d106","d127, d13, d131, d16, d18"
Arg0_pte_five_ring.csv,title,4,Arg0_pte_postestactive,title,0.7056022584438324,"d101, d101, d101, d106, d106","d296, d305, d306, d307, d308"
Arg0_pte_five_ring.csv,title,4,accountid_financial_trans,title,0.6920149922370911,"d101, d101, d101, d106, d106","1, 1, 1, 1, 1"
Arg0_pte_five_ring.csv,title,4,numpages_books,title,0.6909178793430328,"d101, d101, d101, d106, d106","652, 870, 352, 435, 2690"
Arg0_pte_five_ring.csv,title,4,Score_Rank_Word_University_Rank_2020,title,0.689470499753952,"d101, d101, d101, d106, d106","1, 2, 3, 4, 5"
Arg0_pte_five_ring.csv,title,4,dur_top10s,title,0.68882817029953,"d101, d101, d101, d106, d106","217, 263, 200, 295, 221"
Arg0_pte_five_ring.csv,title,4,GAUL_countries_and_continents,title,0.6873641908168793,"d101, d101, d101, d106, d106","1, 3, 4, 5, 7"
Arg0_pte_five_ring.csv,title,4,poverty_ipums_la_98-small,title,0.6871035099029541,"d101, d101, d101, d106, d106","128, 211, 304, 501, 119"
Arg0_pte_five_ring.csv,title,4,id_top10s,title,0.6860238909721375,"d101, d101, d101, d106, d106","1, 2, 3, 4, 5"
Arg0_pte_ketone.csv,title,5,Arg0_pte_ester,title,0.807644784450531,"d1, d1, d109, d114, d123","d136, d136, d136, d136, d136"
Arg0_pte_ketone.csv,title,5,drugid_pte_atm,title,0.8045234084129333,"d1, d1, d109, d114, d123","d100, d100, d100, d100, d100"
Arg0_pte_ketone.csv,title,5,drugid_pte_bound,title,0.8045039474964142,"d1, d1, d109, d114, d123","d100, d100, d100, d100, d100"
Arg0_pte_ketone.csv,title,5,Arg0_pte_bound_cnt,title,0.7998700141906738,"d1, d1, d109, d114, d123","d158, d194, d115, d178, d310"
Arg0_pte_ketone.csv,title,5,Arg0_pte_atm_count,title,0.7998700141906738,"d1, d1, d109, d114, d123","d158, d194, d115, d178, d310"
Arg0_pte_ketone.csv,title,5,Arg0_pte_atm_min_charge,title,0.7998700141906738,"d1, d1, d109, d114, d123","d7, d23_2, d2, d70, d11"
Arg0_pte_ketone.csv,title,5,Arg0_pte_atm_max_charge,title,0.7998700141906738,"d1, d1, d109, d114, d123","d319, d239, d119, d193, d245"
Arg0_pte_ketone.csv,title,5,drugid_pte_drug,title,0.7998699843883514,"d1, d1, d109, d114, d123","d1, d10, d100, d101, d102"
Arg0_pte_ketone.csv,title,5,Arg0_pte_has_property,title,0.7987906038761139,"d1, d1, d109, d114, d123","d1, d1, d1, d1, d10"
Arg0_pte_ketone.csv,title,5,Arg0_pte_ether,title,0.7966983914375305,"d1, d1, d109, d114, d123","d10, d108, d109, d11, d111"
Arg0_pte_ketone.csv,title,5,drugid_pte_active_active,title,0.7959761619567871,"d1, d1, d109, d114, d123","d110, d111, d114, d116, d117"
Arg0_pte_ketone.csv,title,5,Arg0_pte_methyl,title,0.7940313816070557,"d1, d1, d109, d114, d123","d107, d107, d107, d107, d107"
Arg0_pte_ketone.csv,title,5,Arg0_pte_six_ring,title,0.7899254560470581,"d1, d1, d109, d114, d123","d1, d1, d1, d10, d100"
Arg0_pte_ketone.csv,title,5,Arg0_pte_mutagenic,title,0.7890577912330627,"d1, d1, d109, d114, d123","d101, d104, d106, d107, d112"
Arg0_pte_ketone.csv,title,5,Arg0_pte_ind,title,0.7859245538711548,"d1, d1, d109, d114, d123","d1, d1, d10, d109, d114"
Arg0_pte_ketone.csv,title,5,Arg0_pte_non_ar_6c_ring,title,0.7847304046154022,"d1, d1, d109, d114, d123","d1, d1, d1, d10, d100"
Arg0_pte_ketone.csv,title,5,moleculeid_mutagenesis_molecule,title,0.7760321497917175,"d1, d1, d109, d114, d123","d1, d10, d100, d101, d102"
Arg0_pte_ketone.csv,title,5,moleculeid_mutagenesis_atom,title,0.7753344476222992,"d1, d1, d109, d114, d123","d100, d100, d100, d100, d100"
Arg0_pte_ketone.csv,title,5,Arg0_pte_amine,title,0.7701213359832764,"d1, d1, d109, d114, d123","d1, d109, d109, d11, d11"
Arg0_pte_ketone.csv,title,5,Arg0_pte_non_ar_hetero_6_ring,title,0.7696868479251862,"d1, d1, d109, d114, d123","d111, d112, d112, d114, d117"
Arg0_pte_ketone.csv,title,5,Arg0_pte_five_ring,title,0.7683964967727661,"d1, d1, d109, d114, d123","d101, d101, d101, d106, d106"
Arg0_pte_ketone.csv,title,5,Arg0_pte_non_ar_hetero_5_ring,title,0.7661414444446564,"d1, d1, d109, d114, d123","d109, d112, d112, d112, d112"
Arg0_pte_ketone.csv,title,5,Arg0_pte_active,title,0.762950986623764,"d1, d1, d109, d114, d123","d1, d10, d100, d101, d102"
Arg0_pte_ketone.csv,title,5,Arg0_pte_methoxy,title,0.7581692337989807,"d1, d1, d109, d114, d123","d11, d122, d122, d131, d137"
Arg0_pte_ketone.csv,title,5,Arg0_pte_sulfide,title,0.7577085494995117,"d1, d1, d109, d114, d123","d109, d117, d117, d124, d142"
Arg0_pte_ketone.csv,title,5,atomid_pte_atm,title,0.7535299956798553,"d1, d1, d109, d114, d123","d100_1, d100_10, d100_11, d100_12, d100_13"
Arg0_pte_ketone.csv,title,5,atomid1_pte_bound,title,0.7533861100673676,"d1, d1, d109, d114, d123","d100_1, d100_1, d100_11, d100_11, d100_12"
Arg0_pte_ketone.csv,title,5,atomid2_pte_bound,title,0.7528248131275177,"d1, d1, d109, d114, d123","d100_2, d100_25, d100_12, d100_17, d100_13"
Arg0_pte_ketone.csv,title,5,atomid_pte_atm_bound_count,title,0.7527534365653992,"d1, d1, d109, d114, d123","d100_16, d108_16, d108_22, d109_1, d109_13"
Arg0_pte_ketone.csv,title,5,Arg0_pte_phenol,title,0.7489097714424133,"d1, d1, d109, d114, d123","d133, d138, d138, d140, d140"
Arg0_pte_ketone.csv,title,5,Arg0_pte_ames,title,0.7484508752822876,"d1, d1, d109, d114, d123","d1, d10, d11, d113, d12"
Arg0_pte_ketone.csv,title,5,Arg0_pte_alkyl_halide,title,0.7446618378162384,"d1, d1, d109, d114, d123","d101, d101, d101, d101, d101"
Arg0_pte_ketone.csv,title,5,Arg0_pte_postestactive_neg,title,0.7391477227210999,"d1, d1, d109, d114, d123","d296, d305, d306, d307, d308"
Arg0_pte_ketone.csv,title,5,Arg0_pte_testactive,title,0.7391476929187775,"d1, d1, d109, d114, d123","d297, d298, d299, d300, d302"
Arg0_pte_ketone.csv,title,5,Arg0_pte_testactive_Neg,title,0.7391476929187775,"d1, d1, d109, d114, d123","d296, d305, d306, d307, d308"
Arg0_pte_ketone.csv,title,5,atomid_mutagenesis_atom,title,0.7372122704982758,"d1, d1, d109, d114, d123","d100_1, d100_10, d100_11, d100_12, d100_13"
Arg0_pte_ketone.csv,title,5,atom2id_mutagenesis_bond,title,0.7368173599243164,"d1, d1, d109, d114, d123","d100_2, d100_7, d100_12, d100_13, d100_17"
Arg0_pte_ketone.csv,title,5,atom1id_mutagenesis_bond,title,0.7353742122650146,"d1, d1, d109, d114, d123","d100_1, d100_1, d100_11, d100_12, d100_12"
Arg0_pte_ketone.csv,title,5,Arg0_pte_imine,title,0.7327655851840973,"d1, d1, d109, d114, d123","d175, d175, d211, d217, d252"
Arg0_pte_ketone.csv,title,5,Arg0_pte_nitro,title,0.7313458919525146,"d1, d1, d109, d114, d123","d127, d13, d131, d16, d18"
Arg0_pte_ketone.csv,title,5,Arg0_pte_non_ar_5c_ring,title,0.7272423207759857,"d1, d1, d109, d114, d123","d101, d101, d101, d106, d106"
Arg0_pte_ketone.csv,title,5,Arg0_pte_postestactive,title,0.7265622019767761,"d1, d1, d109, d114, d123","d296, d305, d306, d307, d308"
Arg0_pte_ketone.csv,title,5,numpages_books,title,0.7058139443397522,"d1, d1, d109, d114, d123","652, 870, 352, 435, 2690"
Arg0_pte_ketone.csv,title,5,Arg0_pte_sulfo,title,0.7050883173942566,"d1, d1, d109, d114, d123","d212, d212, d221, d221, d224"
Arg0_pte_ketone.csv,title,5,dur_top10s,title,0.7041231095790863,"d1, d1, d109, d114, d123","217, 263, 200, 295, 221"
Arg0_pte_ketone.csv,title,5,Score_Rank_Word_University_Rank_2020,title,0.7031119167804718,"d1, d1, d109, d114, d123","1, 2, 3, 4, 5"
Arg0_pte_ketone.csv,title,5,accountid_financial_trans,title,0.7021737396717072,"d1, d1, d109, d114, d123","1, 1, 1, 1, 1"
Arg0_pte_ketone.csv,title,5,Arg0_pte_alcohol,title,0.7017738223075867,"d1, d1, d109, d114, d123","d65, d72, d78, d78, d78"
Arg0_pte_ketone.csv,title,5,id_top10s,title,0.7014297246932983,"d1, d1, d109, d114, d123","1, 2, 3, 4, 5"
Arg0_pte_ketone.csv,title,5,GAUL_countries_and_continents,title,0.7011736333370209,"d1, d1, d109, d114, d123","1, 3, 4, 5, 7"
Arg0_pte_methoxy.csv,title,6,Arg0_pte_ether,title,0.7964744865894318,"d11, d122, d122, d131, d137","d10, d108, d109, d11, d111"
Arg0_pte_methoxy.csv,title,6,Arg0_pte_methyl,title,0.793033242225647,"d11, d122, d122, d131, d137","d107, d107, d107, d107, d107"
Arg0_pte_methoxy.csv,title,6,drugid_pte_atm,title,0.7844095528125763,"d11, d122, d122, d131, d137","d100, d100, d100, d100, d100"
Arg0_pte_methoxy.csv,title,6,drugid_pte_bound,title,0.7842395603656769,"d11, d122, d122, d131, d137","d100, d100, d100, d100, d100"
Arg0_pte_methoxy.csv,title,6,Arg0_pte_has_property,title,0.7830685377120972,"d11, d122, d122, d131, d137","d1, d1, d1, d1, d10"
Arg0_pte_methoxy.csv,title,6,drugid_pte_drug,title,0.7825743556022644,"d11, d122, d122, d131, d137","d1, d10, d100, d101, d102"
Arg0_pte_methoxy.csv,title,6,Arg0_pte_atm_min_charge,title,0.7825743556022644,"d11, d122, d122, d131, d137","d7, d23_2, d2, d70, d11"
Arg0_pte_methoxy.csv,title,6,Arg0_pte_bound_cnt,title,0.782574325799942,"d11, d122, d122, d131, d137","d158, d194, d115, d178, d310"
Arg0_pte_methoxy.csv,title,6,Arg0_pte_atm_max_charge,title,0.782574325799942,"d11, d122, d122, d131, d137","d319, d239, d119, d193, d245"
Arg0_pte_methoxy.csv,title,6,Arg0_pte_atm_count,title,0.782574325799942,"d11, d122, d122, d131, d137","d158, d194, d115, d178, d310"
Arg0_pte_methoxy.csv,title,6,drugid_pte_active_active,title,0.7778424620628357,"d11, d122, d122, d131, d137","d110, d111, d114, d116, d117"
Arg0_pte_methoxy.csv,title,6,Arg0_pte_ind,title,0.7777312397956848,"d11, d122, d122, d131, d137","d1, d1, d10, d109, d114"
Arg0_pte_methoxy.csv,title,6,Arg0_pte_six_ring,title,0.7658832371234894,"d11, d122, d122, d131, d137","d1, d1, d1, d10, d100"
Arg0_pte_methoxy.csv,title,6,Arg0_pte_ames,title,0.7607569098472595,"d11, d122, d122, d131, d137","d1, d10, d11, d113, d12"
Arg0_pte_methoxy.csv,title,6,Arg0_pte_non_ar_6c_ring,title,0.7600252032279968,"d11, d122, d122, d131, d137","d1, d1, d1, d10, d100"
Arg0_pte_methoxy.csv,title,6,Arg0_pte_ketone,title,0.7597493231296539,"d11, d122, d122, d131, d137","d1, d1, d109, d114, d123"
Arg0_pte_methoxy.csv,title,6,Arg0_pte_ester,title,0.7540047466754913,"d11, d122, d122, d131, d137","d136, d136, d136, d136, d136"
Arg0_pte_methoxy.csv,title,6,Arg0_pte_mutagenic,title,0.752901017665863,"d11, d122, d122, d131, d137","d101, d104, d106, d107, d112"
Arg0_pte_methoxy.csv,title,6,Arg0_pte_active,title,0.7512210309505463,"d11, d122, d122, d131, d137","d1, d10, d100, d101, d102"
Arg0_pte_methoxy.csv,title,6,Arg0_pte_non_ar_hetero_6_ring,title,0.7509717345237732,"d11, d122, d122, d131, d137","d111, d112, d112, d114, d117"
Arg0_pte_methoxy.csv,title,6,Arg0_pte_sulfide,title,0.7480735182762146,"d11, d122, d122, d131, d137","d109, d117, d117, d124, d142"
Arg0_pte_methoxy.csv,title,6,moleculeid_mutagenesis_molecule,title,0.7455881237983704,"d11, d122, d122, d131, d137","d1, d10, d100, d101, d102"
Arg0_pte_methoxy.csv,title,6,moleculeid_mutagenesis_atom,title,0.7454214096069336,"d11, d122, d122, d131, d137","d100, d100, d100, d100, d100"
Arg0_pte_methoxy.csv,title,6,Arg0_pte_non_ar_hetero_5_ring,title,0.7446903586387634,"d11, d122, d122, d131, d137","d109, d112, d112, d112, d112"
Arg0_pte_methoxy.csv,title,6,Arg0_pte_amine,title,0.7418155372142792,"d11, d122, d122, d131, d137","d1, d109, d109, d11, d11"
Arg0_pte_methoxy.csv,title,6,atomid_pte_atm,title,0.7370110154151917,"d11, d122, d122, d131, d137","d100_1, d100_10, d100_11, d100_12, d100_13"
Arg0_pte_methoxy.csv,title,6,atomid2_pte_bound,title,0.7367178797721863,"d11, d122, d122, d131, d137","d100_2, d100_25, d100_12, d100_17, d100_13"
Arg0_pte_methoxy.csv,title,6,atomid1_pte_bound,title,0.7354057431221008,"d11, d122, d122, d131, d137","d100_1, d100_1, d100_11, d100_11, d100_12"
Arg0_pte_methoxy.csv,title,6,atomid_pte_atm_bound_count,title,0.73502516746521,"d11, d122, d122, d131, d137","d100_16, d108_16, d108_22, d109_1, d109_13"
Arg0_pte_methoxy.csv,title,6,Arg0_pte_five_ring,title,0.7336442172527313,"d11, d122, d122, d131, d137","d101, d101, d101, d106, d106"
Arg0_pte_methoxy.csv,title,6,Arg0_pte_nitro,title,0.7298478186130524,"d11, d122, d122, d131, d137","d127, d13, d131, d16, d18"
Arg0_pte_methoxy.csv,title,6,Arg0_pte_phenol,title,0.7282688021659851,"d11, d122, d122, d131, d137","d133, d138, d138, d140, d140"
Arg0_pte_methoxy.csv,title,6,Arg0_pte_testactive_Neg,title,0.7269221842288971,"d11, d122, d122, d131, d137","d296, d305, d306, d307, d308"
Arg0_pte_methoxy.csv,title,6,Arg0_pte_postestactive_neg,title,0.7269221842288971,"d11, d122, d122, d131, d137","d296, d305, d306, d307, d308"
Arg0_pte_methoxy.csv,title,6,Arg0_pte_testactive,title,0.7269221544265747,"d11, d122, d122, d131, d137","d297, d298, d299, d300, d302"
Arg0_pte_methoxy.csv,title,6,Arg0_pte_alkyl_halide,title,0.7265687882900238,"d11, d122, d122, d131, d137","d101, d101, d101, d101, d101"
Arg0_pte_methoxy.csv,title,6,Arg0_pte_postestactive,title,0.7236842811107635,"d11, d122, d122, d131, d137","d296, d305, d306, d307, d308"
Arg0_pte_methoxy.csv,title,6,atomid_mutagenesis_atom,title,0.7140487730503082,"d11, d122, d122, d131, d137","d100_1, d100_10, d100_11, d100_12, d100_13"
Arg0_pte_methoxy.csv,title,6,atom2id_mutagenesis_bond,title,0.7134753465652466,"d11, d122, d122, d131, d137","d100_2, d100_7, d100_12, d100_13, d100_17"
Arg0_pte_methoxy.csv,title,6,Arg0_pte_sulfo,title,0.7122610211372375,"d11, d122, d122, d131, d137","d212, d212, d221, d221, d224"
Arg0_pte_methoxy.csv,title,6,Arg0_pte_imine,title,0.7114867269992828,"d11, d122, d122, d131, d137","d175, d175, d211, d217, d252"
Arg0_pte_methoxy.csv,title,6,atom1id_mutagenesis_bond,title,0.7103411853313446,"d11, d122, d122, d131, d137","d100_1, d100_1, d100_11, d100_12, d100_12"
Arg0_pte_methoxy.csv,title,6,Arg0_pte_non_ar_5c_ring,title,0.7000985741615295,"d11, d122, d122, d131, d137","d101, d101, d101, d106, d106"
Arg0_pte_methoxy.csv,title,6,quality_of_education_cwurData,title,0.6945547163486481,"d11, d122, d122, d131, d137","7, 9, 17, 10, 2"
Arg0_pte_methoxy.csv,title,6,numpages_books,title,0.6894350647926331,"d11, d122, d122, d131, d137","652, 870, 352, 435, 2690"
Arg0_pte_methoxy.csv,title,6,Score_Rank_Word_University_Rank_2020,title,0.6886920034885406,"d11, d122, d122, d131, d137","1, 2, 3, 4, 5"
Arg0_pte_methoxy.csv,title,6,id_top10s,title,0.6872891783714294,"d11, d122, d122, d131, d137","1, 2, 3, 4, 5"
Arg0_pte_methoxy.csv,title,6,id_themes,title,0.686791181564331,"d11, d122, d122, d131, d137","1, 2, 3, 4, 5"
Arg0_pte_methoxy.csv,title,6,dur_top10s,title,0.6843661963939667,"d11, d122, d122, d131, d137","217, 263, 200, 295, 221"
Arg0_pte_methoxy.csv,title,6,accountid_financial_trans,title,0.683607667684555,"d11, d122, d122, d131, d137","1, 1, 1, 1, 1"
Arg0_pte_non_ar_hetero_5_ring.csv,title,7,Arg0_pte_five_ring,title,0.8172819316387177,"d109, d112, d112, d112, d112","d101, d101, d101, d106, d106"
Arg0_pte_non_ar_hetero_5_ring.csv,title,7,Arg0_pte_non_ar_hetero_6_ring,title,0.788132905960083,"d109, d112, d112, d112, d112","d111, d112, d112, d114, d117"
Arg0_pte_non_ar_hetero_5_ring.csv,title,7,drugid_pte_bound,title,0.7872194647789001,"d109, d112, d112, d112, d112","d100, d100, d100, d100, d100"
Arg0_pte_non_ar_hetero_5_ring.csv,title,7,drugid_pte_atm,title,0.7871188521385193,"d109, d112, d112, d112, d112","d100, d100, d100, d100, d100"
Arg0_pte_non_ar_hetero_5_ring.csv,title,7,Arg0_pte_ether,title,0.7869704961776733,"d109, d112, d112, d112, d112","d10, d108, d109, d11, d111"
Arg0_pte_non_ar_hetero_5_ring.csv,title,7,Arg0_pte_has_property,title,0.7857263386249542,"d109, d112, d112, d112, d112","d1, d1, d1, d1, d10"
Arg0_pte_non_ar_hetero_5_ring.csv,title,7,Arg0_pte_bound_cnt,title,0.7850711643695831,"d109, d112, d112, d112, d112","d158, d194, d115, d178, d310"
Arg0_pte_non_ar_hetero_5_ring.csv,title,7,Arg0_pte_atm_count,title,0.7850711643695831,"d109, d112, d112, d112, d112","d158, d194, d115, d178, d310"
Arg0_pte_non_ar_hetero_5_ring.csv,title,7,Arg0_pte_atm_max_charge,title,0.7850711643695831,"d109, d112, d112, d112, d112","d319, d239, d119, d193, d245"
Arg0_pte_non_ar_hetero_5_ring.csv,title,7,Arg0_pte_atm_min_charge,title,0.7850711643695831,"d109, d112, d112, d112, d112","d7, d23_2, d2, d70, d11"
Arg0_pte_non_ar_hetero_5_ring.csv,title,7,drugid_pte_drug,title,0.7850711643695831,"d109, d112, d112, d112, d112","d1, d10, d100, d101, d102"
Arg0_pte_non_ar_hetero_5_ring.csv,title,7,drugid_pte_active_active,title,0.7825706601142883,"d109, d112, d112, d112, d112","d110, d111, d114, d116, d117"
Arg0_pte_non_ar_hetero_5_ring.csv,title,7,Arg0_pte_mutagenic,title,0.7799355089664459,"d109, d112, d112, d112, d112","d101, d104, d106, d107, d112"
Arg0_pte_non_ar_hetero_5_ring.csv,title,7,Arg0_pte_six_ring,title,0.7791737914085388,"d109, d112, d112, d112, d112","d1, d1, d1, d10, d100"
Arg0_pte_non_ar_hetero_5_ring.csv,title,7,Arg0_pte_ind,title,0.7717933356761932,"d109, d112, d112, d112, d112","d1, d1, d10, d109, d114"
Arg0_pte_non_ar_hetero_5_ring.csv,title,7,Arg0_pte_non_ar_6c_ring,title,0.7648263871669769,"d109, d112, d112, d112, d112","d1, d1, d1, d10, d100"
Arg0_pte_non_ar_hetero_5_ring.csv,title,7,Arg0_pte_ketone,title,0.7608588933944702,"d109, d112, d112, d112, d112","d1, d1, d109, d114, d123"
Arg0_pte_non_ar_hetero_5_ring.csv,title,7,Arg0_pte_active,title,0.7605436444282532,"d109, d112, d112, d112, d112","d1, d10, d100, d101, d102"
Arg0_pte_non_ar_hetero_5_ring.csv,title,7,Arg0_pte_methyl,title,0.7582398355007172,"d109, d112, d112, d112, d112","d107, d107, d107, d107, d107"
Arg0_pte_non_ar_hetero_5_ring.csv,title,7,Arg0_pte_ames,title,0.7534993290901184,"d109, d112, d112, d112, d112","d1, d10, d11, d113, d12"
Arg0_pte_non_ar_hetero_5_ring.csv,title,7,Arg0_pte_ester,title,0.7528632879257202,"d109, d112, d112, d112, d112","d136, d136, d136, d136, d136"
Arg0_pte_non_ar_hetero_5_ring.csv,title,7,Arg0_pte_alkyl_halide,title,0.7517654597759247,"d109, d112, d112, d112, d112","d101, d101, d101, d101, d101"
Arg0_pte_non_ar_hetero_5_ring.csv,title,7,Arg0_pte_sulfide,title,0.7499898970127106,"d109, d112, d112, d112, d112","d109, d117, d117, d124, d142"
Arg0_pte_non_ar_hetero_5_ring.csv,title,7,Arg0_pte_non_ar_5c_ring,title,0.7470216155052185,"d109, d112, d112, d112, d112","d101, d101, d101, d106, d106"
Arg0_pte_non_ar_hetero_5_ring.csv,title,7,moleculeid_mutagenesis_molecule,title,0.7462893128395081,"d109, d112, d112, d112, d112","d1, d10, d100, d101, d102"
Arg0_pte_non_ar_hetero_5_ring.csv,title,7,moleculeid_mutagenesis_atom,title,0.7460621297359467,"d109, d112, d112, d112, d112","d100, d100, d100, d100, d100"
Arg0_pte_non_ar_hetero_5_ring.csv,title,7,atomid_pte_atm,title,0.7427240312099457,"d109, d112, d112, d112, d112","d100_1, d100_10, d100_11, d100_12, d100_13"
Arg0_pte_non_ar_hetero_5_ring.csv,title,7,atomid2_pte_bound,title,0.7424313724040985,"d109, d112, d112, d112, d112","d100_2, d100_25, d100_12, d100_17, d100_13"
Arg0_pte_non_ar_hetero_5_ring.csv,title,7,atomid1_pte_bound,title,0.741582453250885,"d109, d112, d112, d112, d112","d100_1, d100_1, d100_11, d100_11, d100_12"
Arg0_pte_non_ar_hetero_5_ring.csv,title,7,atomid_pte_atm_bound_count,title,0.7409630417823792,"d109, d112, d112, d112, d112","d100_16, d108_16, d108_22, d109_1, d109_13"
Arg0_pte_non_ar_hetero_5_ring.csv,title,7,Arg0_pte_methoxy,title,0.7381993532180786,"d109, d112, d112, d112, d112","d11, d122, d122, d131, d137"
Arg0_pte_non_ar_hetero_5_ring.csv,title,7,Arg0_pte_amine,title,0.7338197827339172,"d109, d112, d112, d112, d112","d1, d109, d109, d11, d11"
Arg0_pte_non_ar_hetero_5_ring.csv,title,7,Arg0_pte_phenol,title,0.7253693640232086,"d109, d112, d112, d112, d112","d133, d138, d138, d140, d140"
Arg0_pte_non_ar_hetero_5_ring.csv,title,7,Arg0_pte_imine,title,0.7252121865749359,"d109, d112, d112, d112, d112","d175, d175, d211, d217, d252"
Arg0_pte_non_ar_hetero_5_ring.csv,title,7,Arg0_pte_sulfo,title,0.7235172390937805,"d109, d112, d112, d112, d112","d212, d212, d221, d221, d224"
Arg0_pte_non_ar_hetero_5_ring.csv,title,7,Arg0_pte_testactive,title,0.7207856178283691,"d109, d112, d112, d112, d112","d297, d298, d299, d300, d302"
Arg0_pte_non_ar_hetero_5_ring.csv,title,7,Arg0_pte_postestactive_neg,title,0.7207856178283691,"d109, d112, d112, d112, d112","d296, d305, d306, d307, d308"
Arg0_pte_non_ar_hetero_5_ring.csv,title,7,Arg0_pte_testactive_Neg,title,0.7207855880260468,"d109, d112, d112, d112, d112","d296, d305, d306, d307, d308"
Arg0_pte_non_ar_hetero_5_ring.csv,title,7,atomid_mutagenesis_atom,title,0.719931423664093,"d109, d112, d112, d112, d112","d100_1, d100_10, d100_11, d100_12, d100_13"
Arg0_pte_non_ar_hetero_5_ring.csv,title,7,atom2id_mutagenesis_bond,title,0.7196338474750519,"d109, d112, d112, d112, d112","d100_2, d100_7, d100_12, d100_13, d100_17"
Arg0_pte_non_ar_hetero_5_ring.csv,title,7,atom1id_mutagenesis_bond,title,0.7158369421958923,"d109, d112, d112, d112, d112","d100_1, d100_1, d100_11, d100_12, d100_12"
Arg0_pte_non_ar_hetero_5_ring.csv,title,7,Arg0_pte_nitro,title,0.7120690941810608,"d109, d112, d112, d112, d112","d127, d13, d131, d16, d18"
Arg0_pte_non_ar_hetero_5_ring.csv,title,7,Arg0_pte_postestactive,title,0.7018768489360809,"d109, d112, d112, d112, d112","d296, d305, d306, d307, d308"
Arg0_pte_non_ar_hetero_5_ring.csv,title,7,dur_top10s,title,0.699376791715622,"d109, d112, d112, d112, d112","217, 263, 200, 295, 221"
Arg0_pte_non_ar_hetero_5_ring.csv,title,7,numpages_books,title,0.6919695138931274,"d109, d112, d112, d112, d112","652, 870, 352, 435, 2690"
Arg0_pte_non_ar_hetero_5_ring.csv,title,7,Score_Rank_Word_University_Rank_2020,title,0.6899842023849487,"d109, d112, d112, d112, d112","1, 2, 3, 4, 5"
Arg0_pte_non_ar_hetero_5_ring.csv,title,7,accountid_financial_trans,title,0.6891316473484039,"d109, d112, d112, d112, d112","1, 1, 1, 1, 1"
Arg0_pte_non_ar_hetero_5_ring.csv,title,7,GAUL_countries_and_continents,title,0.6877323687076569,"d109, d112, d112, d112, d112","1, 3, 4, 5, 7"
Arg0_pte_non_ar_hetero_5_ring.csv,title,7,poverty_ipums_la_98-small,title,0.6875951886177063,"d109, d112, d112, d112, d112","128, 211, 304, 501, 119"
Arg0_pte_non_ar_hetero_5_ring.csv,title,7,id_top10s,title,0.6863673627376556,"d109, d112, d112, d112, d112","1, 2, 3, 4, 5"
Arg0_pte_non_ar_hetero_6_ring.csv,title,8,Arg0_pte_six_ring,title,0.792047768831253,"d111, d112, d112, d114, d117","d1, d1, d1, d10, d100"
Arg0_pte_non_ar_hetero_6_ring.csv,title,8,drugid_pte_bound,title,0.7895747125148773,"d111, d112, d112, d114, d117","d100, d100, d100, d100, d100"
Arg0_pte_non_ar_hetero_6_ring.csv,title,8,drugid_pte_atm,title,0.7894216477870941,"d111, d112, d112, d114, d117","d100, d100, d100, d100, d100"
Arg0_pte_non_ar_hetero_6_ring.csv,title,8,Arg0_pte_atm_count,title,0.7871150076389313,"d111, d112, d112, d114, d117","d158, d194, d115, d178, d310"
Arg0_pte_non_ar_hetero_6_ring.csv,title,8,Arg0_pte_atm_min_charge,title,0.7871150076389313,"d111, d112, d112, d114, d117","d7, d23_2, d2, d70, d11"
Arg0_pte_non_ar_hetero_6_ring.csv,title,8,drugid_pte_drug,title,0.7871150076389313,"d111, d112, d112, d114, d117","d1, d10, d100, d101, d102"
Arg0_pte_non_ar_hetero_6_ring.csv,title,8,Arg0_pte_atm_max_charge,title,0.7871150076389313,"d111, d112, d112, d114, d117","d319, d239, d119, d193, d245"
Arg0_pte_non_ar_hetero_6_ring.csv,title,8,Arg0_pte_bound_cnt,title,0.7871149778366089,"d111, d112, d112, d114, d117","d158, d194, d115, d178, d310"
Arg0_pte_non_ar_hetero_6_ring.csv,title,8,Arg0_pte_non_ar_hetero_5_ring,title,0.7867029011249542,"d111, d112, d112, d114, d117","d109, d112, d112, d112, d112"
Arg0_pte_non_ar_hetero_6_ring.csv,title,8,Arg0_pte_has_property,title,0.7861047387123108,"d111, d112, d112, d114, d117","d1, d1, d1, d1, d10"
Arg0_pte_non_ar_hetero_6_ring.csv,title,8,Arg0_pte_ether,title,0.7853799164295197,"d111, d112, d112, d114, d117","d10, d108, d109, d11, d111"
Arg0_pte_non_ar_hetero_6_ring.csv,title,8,drugid_pte_active_active,title,0.7826356589794159,"d111, d112, d112, d114, d117","d110, d111, d114, d116, d117"
Arg0_pte_non_ar_hetero_6_ring.csv,title,8,Arg0_pte_methyl,title,0.7789399325847626,"d111, d112, d112, d114, d117","d107, d107, d107, d107, d107"
Arg0_pte_non_ar_hetero_6_ring.csv,title,8,Arg0_pte_mutagenic,title,0.7785268127918243,"d111, d112, d112, d114, d117","d101, d104, d106, d107, d112"
Arg0_pte_non_ar_hetero_6_ring.csv,title,8,Arg0_pte_ind,title,0.770707905292511,"d111, d112, d112, d114, d117","d1, d1, d10, d109, d114"
Arg0_pte_non_ar_hetero_6_ring.csv,title,8,Arg0_pte_ketone,title,0.767518937587738,"d111, d112, d112, d114, d117","d1, d1, d109, d114, d123"
Arg0_pte_non_ar_hetero_6_ring.csv,title,8,Arg0_pte_five_ring,title,0.7663752436637878,"d111, d112, d112, d114, d117","d101, d101, d101, d106, d106"
Arg0_pte_non_ar_hetero_6_ring.csv,title,8,Arg0_pte_ester,title,0.7655641436576843,"d111, d112, d112, d114, d117","d136, d136, d136, d136, d136"
Arg0_pte_non_ar_hetero_6_ring.csv,title,8,Arg0_pte_non_ar_6c_ring,title,0.7654606699943542,"d111, d112, d112, d114, d117","d1, d1, d1, d10, d100"
Arg0_pte_non_ar_hetero_6_ring.csv,title,8,Arg0_pte_sulfide,title,0.7642883956432343,"d111, d112, d112, d114, d117","d109, d117, d117, d124, d142"
Arg0_pte_non_ar_hetero_6_ring.csv,title,8,moleculeid_mutagenesis_molecule,title,0.7515923976898193,"d111, d112, d112, d114, d117","d1, d10, d100, d101, d102"
Arg0_pte_non_ar_hetero_6_ring.csv,title,8,moleculeid_mutagenesis_atom,title,0.7509086430072784,"d111, d112, d112, d114, d117","d100, d100, d100, d100, d100"
Arg0_pte_non_ar_hetero_6_ring.csv,title,8,Arg0_pte_active,title,0.7460692524909973,"d111, d112, d112, d114, d117","d1, d10, d100, d101, d102"
Arg0_pte_non_ar_hetero_6_ring.csv,title,8,Arg0_pte_methoxy,title,0.7446569800376892,"d111, d112, d112, d114, d117","d11, d122, d122, d131, d137"
Arg0_pte_non_ar_hetero_6_ring.csv,title,8,Arg0_pte_ames,title,0.7430398166179657,"d111, d112, d112, d114, d117","d1, d10, d11, d113, d12"
Arg0_pte_non_ar_hetero_6_ring.csv,title,8,Arg0_pte_amine,title,0.7418869733810425,"d111, d112, d112, d114, d117","d1, d109, d109, d11, d11"
Arg0_pte_non_ar_hetero_6_ring.csv,title,8,atomid_pte_atm,title,0.7417199313640594,"d111, d112, d112, d114, d117","d100_1, d100_10, d100_11, d100_12, d100_13"
Arg0_pte_non_ar_hetero_6_ring.csv,title,8,atomid1_pte_bound,title,0.7415486574172974,"d111, d112, d112, d114, d117","d100_1, d100_1, d100_11, d100_11, d100_12"
Arg0_pte_non_ar_hetero_6_ring.csv,title,8,atomid2_pte_bound,title,0.7414898574352264,"d111, d112, d112, d114, d117","d100_2, d100_25, d100_12, d100_17, d100_13"
Arg0_pte_non_ar_hetero_6_ring.csv,title,8,atomid_pte_atm_bound_count,title,0.7412277162075043,"d111, d112, d112, d114, d117","d100_16, d108_16, d108_22, d109_1, d109_13"
Arg0_pte_non_ar_hetero_6_ring.csv,title,8,Arg0_pte_alkyl_halide,title,0.73774254322052,"d111, d112, d112, d114, d117","d101, d101, d101, d101, d101"
Arg0_pte_non_ar_hetero_6_ring.csv,title,8,Arg0_pte_testactive_Neg,title,0.7312418520450592,"d111, d112, d112, d114, d117","d296, d305, d306, d307, d308"
Arg0_pte_non_ar_hetero_6_ring.csv,title,8,Arg0_pte_testactive,title,0.7312418520450592,"d111, d112, d112, d114, d117","d297, d298, d299, d300, d302"
Arg0_pte_non_ar_hetero_6_ring.csv,title,8,Arg0_pte_postestactive_neg,title,0.7312418520450592,"d111, d112, d112, d114, d117","d296, d305, d306, d307, d308"
Arg0_pte_non_ar_hetero_6_ring.csv,title,8,Arg0_pte_non_ar_5c_ring,title,0.7304860651493073,"d111, d112, d112, d114, d117","d101, d101, d101, d106, d106"
Arg0_pte_non_ar_hetero_6_ring.csv,title,8,Arg0_pte_phenol,title,0.7279734313488007,"d111, d112, d112, d114, d117","d133, d138, d138, d140, d140"
Arg0_pte_non_ar_hetero_6_ring.csv,title,8,Arg0_pte_postestactive,title,0.7267918884754181,"d111, d112, d112, d114, d117","d296, d305, d306, d307, d308"
Arg0_pte_non_ar_hetero_6_ring.csv,title,8,atomid_mutagenesis_atom,title,0.719755232334137,"d111, d112, d112, d114, d117","d100_1, d100_10, d100_11, d100_12, d100_13"
Arg0_pte_non_ar_hetero_6_ring.csv,title,8,atom2id_mutagenesis_bond,title,0.7194640934467316,"d111, d112, d112, d114, d117","d100_2, d100_7, d100_12, d100_13, d100_17"
Arg0_pte_non_ar_hetero_6_ring.csv,title,8,atom1id_mutagenesis_bond,title,0.7171195149421692,"d111, d112, d112, d114, d117","d100_1, d100_1, d100_11, d100_12, d100_12"
Arg0_pte_non_ar_hetero_6_ring.csv,title,8,Arg0_pte_imine,title,0.7111590802669525,"d111, d112, d112, d114, d117","d175, d175, d211, d217, d252"
Arg0_pte_non_ar_hetero_6_ring.csv,title,8,Arg0_pte_sulfo,title,0.7098404467105865,"d111, d112, d112, d114, d117","d212, d212, d221, d221, d224"
Arg0_pte_non_ar_hetero_6_ring.csv,title,8,dur_top10s,title,0.7040569186210632,"d111, d112, d112, d114, d117","217, 263, 200, 295, 221"
Arg0_pte_non_ar_hetero_6_ring.csv,title,8,numpages_books,title,0.6963513195514679,"d111, d112, d112, d114, d117","652, 870, 352, 435, 2690"
Arg0_pte_non_ar_hetero_6_ring.csv,title,8,Arg0_pte_nitro,title,0.6950566470623016,"d111, d112, d112, d114, d117","d127, d13, d131, d16, d18"
Arg0_pte_non_ar_hetero_6_ring.csv,title,8,Score_Rank_Word_University_Rank_2020,title,0.693338006734848,"d111, d112, d112, d114, d117","1, 2, 3, 4, 5"
Arg0_pte_non_ar_hetero_6_ring.csv,title,8,accountid_financial_trans,title,0.6920387744903564,"d111, d112, d112, d114, d117","1, 1, 1, 1, 1"
Arg0_pte_non_ar_hetero_6_ring.csv,title,8,id_top10s,title,0.6908532977104187,"d111, d112, d112, d114, d117","1, 2, 3, 4, 5"
Arg0_pte_non_ar_hetero_6_ring.csv,title,8,id_themes,title,0.6905615329742432,"d111, d112, d112, d114, d117","1, 2, 3, 4, 5"
Arg0_pte_non_ar_hetero_6_ring.csv,title,8,GAUL_countries_and_continents,title,0.6894939839839935,"d111, d112, d112, d114, d117","1, 3, 4, 5, 7"
Arg0_pte_sulfide.csv,title,9,Arg0_pte_sulfo,title,0.7925775051116943,"d109, d117, d117, d124, d142","d212, d212, d221, d221, d224"
Arg0_pte_sulfide.csv,title,9,drugid_pte_bound,title,0.7899923622608185,"d109, d117, d117, d124, d142","d100, d100, d100, d100, d100"
Arg0_pte_sulfide.csv,title,9,drugid_pte_atm,title,0.7899811267852783,"d109, d117, d117, d124, d142","d100, d100, d100, d100, d100"
Arg0_pte_sulfide.csv,title,9,Arg0_pte_atm_min_charge,title,0.7872759401798248,"d109, d117, d117, d124, d142","d7, d23_2, d2, d70, d11"
Arg0_pte_sulfide.csv,title,9,Arg0_pte_atm_count,title,0.7872759401798248,"d109, d117, d117, d124, d142","d158, d194, d115, d178, d310"
Arg0_pte_sulfide.csv,title,9,drugid_pte_drug,title,0.7872759401798248,"d109, d117, d117, d124, d142","d1, d10, d100, d101, d102"
Arg0_pte_sulfide.csv,title,9,Arg0_pte_atm_max_charge,title,0.7872759401798248,"d109, d117, d117, d124, d142","d319, d239, d119, d193, d245"
Arg0_pte_sulfide.csv,title,9,Arg0_pte_bound_cnt,title,0.7872759103775024,"d109, d117, d117, d124, d142","d158, d194, d115, d178, d310"
Arg0_pte_sulfide.csv,title,9,Arg0_pte_has_property,title,0.7865458428859711,"d109, d117, d117, d124, d142","d1, d1, d1, d1, d10"
Arg0_pte_sulfide.csv,title,9,Arg0_pte_methyl,title,0.781313568353653,"d109, d117, d117, d124, d142","d107, d107, d107, d107, d107"
Arg0_pte_sulfide.csv,title,9,Arg0_pte_six_ring,title,0.7800541818141937,"d109, d117, d117, d124, d142","d1, d1, d1, d10, d100"
Arg0_pte_sulfide.csv,title,9,drugid_pte_active_active,title,0.775932639837265,"d109, d117, d117, d124, d142","d110, d111, d114, d116, d117"
Arg0_pte_sulfide.csv,title,9,Arg0_pte_ether,title,0.7756245732307434,"d109, d117, d117, d124, d142","d10, d108, d109, d11, d111"
Arg0_pte_sulfide.csv,title,9,Arg0_pte_ind,title,0.7740290760993958,"d109, d117, d117, d124, d142","d1, d1, d10, d109, d114"
Arg0_pte_sulfide.csv,title,9,Arg0_pte_mutagenic,title,0.7735947370529175,"d109, d117, d117, d124, d142","d101, d104, d106, d107, d112"
Arg0_pte_sulfide.csv,title,9,Arg0_pte_non_ar_6c_ring,title,0.7729185223579407,"d109, d117, d117, d124, d142","d1, d1, d1, d10, d100"
Arg0_pte_sulfide.csv,title,9,Arg0_pte_non_ar_hetero_6_ring,title,0.7649424374103546,"d109, d117, d117, d124, d142","d111, d112, d112, d114, d117"
Arg0_pte_sulfide.csv,title,9,Arg0_pte_amine,title,0.7589952349662781,"d109, d117, d117, d124, d142","d1, d109, d109, d11, d11"
Arg0_pte_sulfide.csv,title,9,Arg0_pte_ketone,title,0.7546760141849518,"d109, d117, d117, d124, d142","d1, d1, d109, d114, d123"
Arg0_pte_sulfide.csv,title,9,Arg0_pte_testactive_Neg,title,0.7501208484172821,"d109, d117, d117, d124, d142","d296, d305, d306, d307, d308"
Arg0_pte_sulfide.csv,title,9,Arg0_pte_testactive,title,0.7501208186149597,"d109, d117, d117, d124, d142","d297, d298, d299, d300, d302"
Arg0_pte_sulfide.csv,title,9,Arg0_pte_postestactive_neg,title,0.7501207590103149,"d109, d117, d117, d124, d142","d296, d305, d306, d307, d308"
Arg0_pte_sulfide.csv,title,9,Arg0_pte_ames,title,0.7488697171211243,"d109, d117, d117, d124, d142","d1, d10, d11, d113, d12"
Arg0_pte_sulfide.csv,title,9,Arg0_pte_non_ar_hetero_5_ring,title,0.7482394576072693,"d109, d117, d117, d124, d142","d109, d112, d112, d112, d112"
Arg0_pte_sulfide.csv,title,9,moleculeid_mutagenesis_molecule,title,0.7474542856216431,"d109, d117, d117, d124, d142","d1, d10, d100, d101, d102"
Arg0_pte_sulfide.csv,title,9,moleculeid_mutagenesis_atom,title,0.7473028004169464,"d109, d117, d117, d124, d142","d100, d100, d100, d100, d100"
Arg0_pte_sulfide.csv,title,9,Arg0_pte_phenol,title,0.7463993430137634,"d109, d117, d117, d124, d142","d133, d138, d138, d140, d140"
Arg0_pte_sulfide.csv,title,9,Arg0_pte_ester,title,0.7457853853702545,"d109, d117, d117, d124, d142","d136, d136, d136, d136, d136"
Arg0_pte_sulfide.csv,title,9,Arg0_pte_five_ring,title,0.7457467913627625,"d109, d117, d117, d124, d142","d101, d101, d101, d106, d106"
Arg0_pte_sulfide.csv,title,9,Arg0_pte_methoxy,title,0.7447640299797058,"d109, d117, d117, d124, d142","d11, d122, d122, d131, d137"
Arg0_pte_sulfide.csv,title,9,atomid_pte_atm,title,0.7447338402271271,"d109, d117, d117, d124, d142","d100_1, d100_10, d100_11, d100_12, d100_13"
Arg0_pte_sulfide.csv,title,9,atomid2_pte_bound,title,0.7443528771400452,"d109, d117, d117, d124, d142","d100_2, d100_25, d100_12, d100_17, d100_13"
Arg0_pte_sulfide.csv,title,9,atomid1_pte_bound,title,0.7441168427467346,"d109, d117, d117, d124, d142","d100_1, d100_1, d100_11, d100_11, d100_12"
Arg0_pte_sulfide.csv,title,9,atomid_pte_atm_bound_count,title,0.7439011037349701,"d109, d117, d117, d124, d142","d100_16, d108_16, d108_22, d109_1, d109_13"
Arg0_pte_sulfide.csv,title,9,Arg0_pte_active,title,0.7407841384410858,"d109, d117, d117, d124, d142","d1, d10, d100, d101, d102"
Arg0_pte_sulfide.csv,title,9,Arg0_pte_alkyl_halide,title,0.7386117279529572,"d109, d117, d117, d124, d142","d101, d101, d101, d101, d101"
Arg0_pte_sulfide.csv,title,9,Arg0_pte_postestactive,title,0.7343794405460358,"d109, d117, d117, d124, d142","d296, d305, d306, d307, d308"
Arg0_pte_sulfide.csv,title,9,Arg0_pte_imine,title,0.7214741408824921,"d109, d117, d117, d124, d142","d175, d175, d211, d217, d252"
Arg0_pte_sulfide.csv,title,9,atomid_mutagenesis_atom,title,0.7171418964862823,"d109, d117, d117, d124, d142","d100_1, d100_10, d100_11, d100_12, d100_13"
Arg0_pte_sulfide.csv,title,9,atom2id_mutagenesis_bond,title,0.7167738974094391,"d109, d117, d117, d124, d142","d100_2, d100_7, d100_12, d100_13, d100_17"
Arg0_pte_sulfide.csv,title,9,Arg0_pte_nitro,title,0.7166295349597931,"d109, d117, d117, d124, d142","d127, d13, d131, d16, d18"
Arg0_pte_sulfide.csv,title,9,atom1id_mutagenesis_bond,title,0.7149024605751038,"d109, d117, d117, d124, d142","d100_1, d100_1, d100_11, d100_12, d100_12"
Arg0_pte_sulfide.csv,title,9,Arg0_pte_non_ar_5c_ring,title,0.7107293903827667,"d109, d117, d117, d124, d142","d101, d101, d101, d106, d106"
Arg0_pte_sulfide.csv,title,9,dur_top10s,title,0.6987408697605133,"d109, d117, d117, d124, d142","217, 263, 200, 295, 221"
Arg0_pte_sulfide.csv,title,9,numpages_books,title,0.6982227861881256,"d109, d117, d117, d124, d142","652, 870, 352, 435, 2690"
Arg0_pte_sulfide.csv,title,9,Score_Rank_Word_University_Rank_2020,title,0.6954444050788879,"d109, d117, d117, d124, d142","1, 2, 3, 4, 5"
Arg0_pte_sulfide.csv,title,9,id_top10s,title,0.6937280297279358,"d109, d117, d117, d124, d142","1, 2, 3, 4, 5"
Arg0_pte_sulfide.csv,title,9,id_themes,title,0.6934071779251099,"d109, d117, d117, d124, d142","1, 2, 3, 4, 5"
Arg0_pte_sulfide.csv,title,9,poverty_ipums_la_98-small,title,0.6903845965862274,"d109, d117, d117, d124, d142","128, 211, 304, 501, 119"
Arg0_pte_sulfide.csv,title,9,quality_of_education_cwurData,title,0.6891521513462067,"d109, d117, d117, d124, d142","7, 9, 17, 10, 2"
Country_whr2015.csv,title,10,country_world-cities,title,0.7004172503948212,"Switzerland, Iceland, Denmark, Norway, Canada","Andorra, Andorra, United Arab Emirates, United Arab Emirates, United Arab Emirates"
Country_whr2015.csv,title,10,countries_hfi_cc_2018,title,0.6947203874588013,"Switzerland, Iceland, Denmark, Norway, Canada","Albania, Algeria, Angola, Argentina, Armenia"
Country_whr2015.csv,title,10,country_full_fifa_ranking,title,0.687611848115921,"Switzerland, Iceland, Denmark, Norway, Canada","Germany, Italy, Switzerland, Sweden, Argentina"
Country_whr2015.csv,title,10,Country_gender_development,title,0.6875908672809601,"Switzerland, Iceland, Denmark, Norway, Canada","Norway, Australia, Switzerland, Denmark, Netherlands"
Country_whr2015.csv,title,10,Country_countries_of_the_world,title,0.6807319521903992,"Switzerland, Iceland, Denmark, Norway, Canada","Afghanistan, Albania, Algeria, American Samoa, Andorra"
Country_whr2015.csv,title,10,Country_World_countries_env_vars,title,0.6793484389781952,"Switzerland, Iceland, Denmark, Norway, Canada","Russia, United States of America, Canada, Antarctica, Indonesia"
Country_whr2015.csv,title,10,CountryDependency_population_by_country_2020,title,0.6790532469749451,"Switzerland, Iceland, Denmark, Norway, Canada","China, India, United States, Indonesia, Pakistan"
Country_whr2015.csv,title,10,Name_AdventureWorks2014_CountryRegion,title,0.6783751845359802,"Switzerland, Iceland, Denmark, Norway, Canada","Andorra, United Arab Emirates, Afghanistan, Antigua and Barbuda, Anguilla"
Country_whr2015.csv,title,10,Name_world_country,title,0.6776015162467957,"Switzerland, Iceland, Denmark, Norway, Canada","Aruba, Afghanistan, Angola, Anguilla, Albania"
Country_whr2015.csv,title,10,name_countries_and_continents,title,0.6774605512619019,"Switzerland, Iceland, Denmark, Norway, Canada","Afghanistan, Albania, Algeria, American Samoa, Andorra"
Country_whr2015.csv,title,10,English_short_name_lower_case_wikipedia-iso-country-codes,title,0.6758728325366974,"Switzerland, Iceland, Denmark, Norway, Canada","Afghanistan, Åland Islands, Albania, Algeria, American Samoa"
Country_whr2015.csv,title,10,Country_MoviesOnStreamingPlatforms_updated,title,0.6751200258731842,"Switzerland, Iceland, Denmark, Norway, Canada","United States,United Kingdom, United States, United States, United States, Italy,Spain,West Germany"
Country_whr2015.csv,title,10,ISO4217-currency_country_name_countries_and_continents,title,0.6746647655963898,"Switzerland, Iceland, Denmark, Norway, Canada","AFGHANISTAN, ALBANIA, ALGERIA, AMERICAN SAMOA, ANDORRA"
Country_whr2015.csv,title,10,official_name_en_countries_and_continents,title,0.674502968788147,"Switzerland, Iceland, Denmark, Norway, Canada","Channel Islands, Sark, Afghanistan, Albania, Algeria"
Country_whr2015.csv,title,10,CountryName_countries_metadatacountries,title,0.6729708015918732,"Switzerland, Iceland, Denmark, Norway, Canada","Aruba, Afghanistan, Angola, Albania, Andorra"
Country_whr2015.csv,title,10,CountryName_countries_data,title,0.6682384312152863,"Switzerland, Iceland, Denmark, Norway, Canada","Aruba, Aruba, Aruba, Aruba, Aruba"
Country_whr2015.csv,title,10,country_edu,title,0.6670095026493073,"Switzerland, Iceland, Denmark, Norway, Canada","ARAB WORLD, ARAB WORLD, ARAB WORLD, ARAB WORLD, ARAB WORLD"
Country_whr2015.csv,title,10,Country_Word_University_Rank_2020,title,0.6637945175170898,"Switzerland, Iceland, Denmark, Norway, Canada","United Kingdom, United States, United Kingdom, United States, United States"
Country_whr2015.csv,title,10,ContinentCountryofNationality_affirmative_asylum,title,0.6626801192760468,"Switzerland, Iceland, Denmark, Norway, Canada","Africa, Asia, Europe, North America, Oceania"
Country_whr2015.csv,title,10,country_who_suicide_statistics,title,0.6593422591686249,"Switzerland, Iceland, Denmark, Norway, Canada","Albania, Albania, Albania, Albania, Albania"
Country_whr2015.csv,title,10,country_netflix_titles,title,0.6550543308258057,"Switzerland, Iceland, Denmark, Norway, Canada","United States, India, South Korea, China, United Kingdom, United States, United States, United States"
Country_whr2015.csv,title,10,country_cwurData,title,0.6415805816650391,"Switzerland, Iceland, Denmark, Norway, Canada","USA, USA, USA, United Kingdom, USA"
Country_whr2015.csv,title,10,official_name_fr_countries_and_continents,title,0.6387107968330383,"Switzerland, Iceland, Denmark, Norway, Canada","Îles Anglo-Normandes, Sercq, Afghanistan, Albanie, Algérie"
Country_whr2015.csv,title,10,country_movie_metadata,title,0.634119838476181,"Switzerland, Iceland, Denmark, Norway, Canada","USA, USA, UK, USA, USA"
Country_whr2015.csv,title,10,country_movies,title,0.627254843711853,"Switzerland, Iceland, Denmark, Norway, Canada","USA, USA, USA, USA, USA"
Country_whr2015.csv,title,10,LocalName_world_country,title,0.6244339346885681,"Switzerland, Iceland, Denmark, Norway, Canada","Aruba, Afganistan/Afqanestan, Angola, Anguilla, Shqipëria"
Country_whr2015.csv,title,10,Region_world_country,title,0.5947029888629913,"Switzerland, Iceland, Denmark, Norway, Canada","Caribbean, Southern and Central Asia, Central Africa, Caribbean, Southern Europe"
Country_whr2015.csv,title,10,bplg_ipums_la_98-small,title,0.5809889435768127,"Switzerland, Iceland, Denmark, Norway, Canada","California, California, California, California, California"
Country_whr2015.csv,title,10,Region_whr2015,title,0.5733537673950195,"Switzerland, Iceland, Denmark, Norway, Canada","Western Europe, Western Europe, Western Europe, Western Europe, North America"
Country_whr2015.csv,title,10,region_hfi_cc_2018,title,0.5715752840042114,"Switzerland, Iceland, Denmark, Norway, Canada","Eastern Europe, Middle East & North Africa, Sub-Saharan Africa, Latin America & the Caribbean, Caucasus & Central Asia"
Country_whr2015.csv,title,10,City_worldcitiespop,title,0.569772481918335,"Switzerland, Iceland, Denmark, Norway, Canada","aixas, aixirivali, aixirivall, aixirvall, aixovall"
Country_whr2015.csv,title,10,AccentCity_worldcitiespop,title,0.5691874772310257,"Switzerland, Iceland, Denmark, Norway, Canada","Aixàs, Aixirivali, Aixirivall, Aixirvall, Aixovall"
Country_whr2015.csv,title,10,country_USA_cars_datasets,title,0.5682502388954163,"Switzerland, Iceland, Denmark, Norway, Canada"," usa,  usa,  usa,  usa,  usa"
Country_whr2015.csv,title,10,Region_countries_metadatacountries,title,0.5655244886875153,"Switzerland, Iceland, Denmark, Norway, Canada","Latin America & Caribbean, South Asia, Sub-Saharan Africa, Europe & Central Asia, Europe & Central Asia"
Country_whr2015.csv,title,10,Continent_world_country,title,0.5636773705482483,"Switzerland, Iceland, Denmark, Norway, Canada","North America, Asia, Africa, North America, Europe"
Country_whr2015.csv,title,10,Country_acquisitions,title,0.5627202689647675,"Switzerland, Iceland, Denmark, Norway, Canada","USA, USA, USA, USA, USA"
Country_whr2015.csv,title,10,subcountry_world-cities,title,0.5580405294895172,"Switzerland, Iceland, Denmark, Norway, Canada","Escaldes-Engordany, Andorra la Vella, Umm al Qaywayn, Raʼs al Khaymah, Ash Shāriqah"
Country_whr2015.csv,title,10,Name_AdventureWorks2014_currency,title,0.5549179017543793,"Switzerland, Iceland, Denmark, Norway, Canada","Emirati Dirham, Afghani, Lek, Armenian Dram, Netherlands Antillian Guilder"
Country_whr2015.csv,title,10,Region_countries_of_the_world,title,0.554064005613327,"Switzerland, Iceland, Denmark, Norway, Canada","ASIA (EX. NEAR EAST), EASTERN EUROPE, NORTHERN AFRICA, OCEANIA, WESTERN EUROPE"
Country_whr2015.csv,title,10,Capital_countries_and_continents,title,0.5538454651832581,"Switzerland, Iceland, Denmark, Norway, Canada","Kabul, Tirana, Algiers, Pago Pago, Andorra la Vella"
Country_whr2015.csv,title,10,District_world_city,title,0.5524867475032806,"Switzerland, Iceland, Denmark, Norway, Canada","Kabol, Qandahar, Herat, Balkh, Noord-Holland"
Country_whr2015.csv,title,10,ISO4217-currency_name_countries_and_continents,title,0.5523361563682556,"Switzerland, Iceland, Denmark, Norway, Canada","Afghani, Lek, Algerian Dinar, US Dollar, Euro"
Country_whr2015.csv,title,10,Origin_Cars93,title,0.5495213717222214,"Switzerland, Iceland, Denmark, Norway, Canada","non-USA, non-USA, non-USA, non-USA, non-USA"
Country_whr2015.csv,title,10,country_UKDebate,title,0.5464379340410233,"Switzerland, Iceland, Denmark, Norway, Canada","United Kingdom, United Kingdom, United Kingdom, United Kingdom, United Kingdom"
Country_whr2015.csv,title,10,Group_AdventureWorks2014_salesTerritory,title,0.5460082143545151,"Switzerland, Iceland, Denmark, Norway, Canada","North America, North America, North America, North America, North America"
Country_whr2015.csv,title,10,Name_AdventureWorks2014_salesTerritory,title,0.545190617442131,"Switzerland, Iceland, Denmark, Norway, Canada","Northwest, Northeast, Central, Southwest, Southeast"
Country_whr2015.csv,title,10,Language_world_countryLanguage,title,0.5447106957435608,"Switzerland, Iceland, Denmark, Norway, Canada","Dutch, English, Papiamento, Spanish, Balochi"
Country_whr2015.csv,title,10,macroarea_language,title,0.5427080690860748,"Switzerland, Iceland, Denmark, Norway, Canada","Africa, Papunesia, Africa, Africa, Eurasia"
Country_whr2015.csv,title,10,state_SpellingStates,title,0.5410068929195404,"Switzerland, Iceland, Denmark, Norway, Canada","Idaho (United States), Wyoming (United States), South Dakota (United States), Iowa (United States), Utah (United States)"
Country_whr2015.csv,title,10,name_world-cities,title,0.54088094830513,"Switzerland, Iceland, Denmark, Norway, Canada","les Escaldes, Andorra la Vella, Umm al Qaywayn, Ras al-Khaimah, Khawr Fakkān"
