target_ds,target_attr,candidate_ds,candidate_attr
AdventureWorks2014_CountryRegion.csv,Name,world_country.csv,Name
AdventureWorks2014_CountryRegion.csv,Name,wikipedia-iso-country-codes.csv,English_short_name_lower_case
AdventureWorks2014_CountryRegion.csv,Name,AdventureWorks2014_salesTerritory.csv,Name
AdventureWorks2014_CountryRegion.csv,Name,countries_metadatacountries.csv,CountryName
AdventureWorks2014_CountryRegion.csv,Name,movies.csv,country
AdventureWorks2014_CountryRegion.csv,Name,countries_of_the_world.csv,Country
AdventureWorks2014_CountryRegion.csv,Name,cwurData.csv,country
AdventureWorks2014_CountryRegion.csv,Name,countries_and_continents.csv,name
AdventureWorks2014_CountryRegion.csv,Name,countries_and_continents.csv,official_name_en
AdventureWorks2014_CountryRegion.csv,Name,countries_and_continents.csv,ISO4217-currency_country_name
AdventureWorks2014_CountryRegion.csv,Name,netflix_titles.csv,country
AdventureWorks2014_CountryRegion.csv,Name,gender_development.csv,Country
AdventureWorks2014_CountryRegion.csv,Name,affirmative_asylum.csv,ContinentCountryofNationality
AdventureWorks2014_CountryRegion.csv,Name,hfi_cc_2018.csv,countries
AdventureWorks2014_CountryRegion.csv,Name,population_by_country_2020.csv,CountryDependency
AdventureWorks2014_CountryRegion.csv,Name,world-cities.csv,country
AdventureWorks2014_CountryRegion.csv,Name,Word_University_Rank_2020.csv,Country
AdventureWorks2014_CountryRegion.csv,Name,edu.csv,country
AdventureWorks2014_CountryRegion.csv,Name,movie_metadata.csv,country
AdventureWorks2014_CountryRegion.csv,Name,World_countries_env_vars.csv,Country
AdventureWorks2014_CountryRegion.csv,Name,USA_cars_datasets.csv,country
AdventureWorks2014_CountryRegion.csv,Name,whr2015.csv,Country
AdventureWorks2014_CountryRegion.csv,Name,MoviesOnStreamingPlatforms_updated.csv,Country
AdventureWorks2014_CountryRegion.csv,Name,who_suicide_statistics.csv,country
AdventureWorks2014_CountryRegion.csv,Name,fifa_ranking.csv,country_full
AdventureWorks2014_CountryRegion.csv,Name,UKDebate.csv,country
AdventureWorks2014_CountryRegion.csv,Name,countries_data.csv,CountryName
AdventureWorks2014_CountryRegion.csv,Name,world_country.csv,LocalName
AdventureWorks2014_CountryRegion.csv,Name,countries_and_continents.csv,official_name_fr
AdventureWorks2014_CountryRegion.csv,Name,USA_cars_datasets.csv,country
AdventureWorks2014_CountryRegion.csv,Name,UKDebate.csv,country
AdventureWorks2014_CountryRegion.csv,Name,AdventureWorks2014_CountryRegion.csv,Name
AdventureWorks2014_salesTerritory.csv,Name,world_country.csv,Name
AdventureWorks2014_salesTerritory.csv,Name,wikipedia-iso-country-codes.csv,English_short_name_lower_case
AdventureWorks2014_salesTerritory.csv,Name,AdventureWorks2014_CountryRegion.csv,Name
AdventureWorks2014_salesTerritory.csv,Name,countries_metadatacountries.csv,CountryName
AdventureWorks2014_salesTerritory.csv,Name,movies.csv,country
AdventureWorks2014_salesTerritory.csv,Name,countries_of_the_world.csv,Country
AdventureWorks2014_salesTerritory.csv,Name,cwurData.csv,country
AdventureWorks2014_salesTerritory.csv,Name,countries_and_continents.csv,name
AdventureWorks2014_salesTerritory.csv,Name,countries_and_continents.csv,official_name_en
AdventureWorks2014_salesTerritory.csv,Name,countries_and_continents.csv,ISO4217-currency_country_name
AdventureWorks2014_salesTerritory.csv,Name,netflix_titles.csv,country
AdventureWorks2014_salesTerritory.csv,Name,gender_development.csv,Country
AdventureWorks2014_salesTerritory.csv,Name,affirmative_asylum.csv,ContinentCountryofNationality
AdventureWorks2014_salesTerritory.csv,Name,hfi_cc_2018.csv,countries
AdventureWorks2014_salesTerritory.csv,Name,population_by_country_2020.csv,CountryDependency
AdventureWorks2014_salesTerritory.csv,Name,world-cities.csv,country
AdventureWorks2014_salesTerritory.csv,Name,Word_University_Rank_2020.csv,Country
AdventureWorks2014_salesTerritory.csv,Name,edu.csv,country
AdventureWorks2014_salesTerritory.csv,Name,movie_metadata.csv,country
AdventureWorks2014_salesTerritory.csv,Name,World_countries_env_vars.csv,Country
AdventureWorks2014_salesTerritory.csv,Name,USA_cars_datasets.csv,country
AdventureWorks2014_salesTerritory.csv,Name,whr2015.csv,Country
AdventureWorks2014_salesTerritory.csv,Name,MoviesOnStreamingPlatforms_updated.csv,Country
AdventureWorks2014_salesTerritory.csv,Name,who_suicide_statistics.csv,country
AdventureWorks2014_salesTerritory.csv,Name,fifa_ranking.csv,country_full
AdventureWorks2014_salesTerritory.csv,Name,UKDebate.csv,country
AdventureWorks2014_salesTerritory.csv,Name,countries_data.csv,CountryName
AdventureWorks2014_salesTerritory.csv,Name,world_country.csv,LocalName
AdventureWorks2014_salesTerritory.csv,Name,countries_and_continents.csv,official_name_fr
AdventureWorks2014_salesTerritory.csv,Name,USA_cars_datasets.csv,country
AdventureWorks2014_salesTerritory.csv,Name,UKDebate.csv,country
AdventureWorks2014_salesTerritory.csv,Name,AdventureWorks2014_salesTerritory.csv,Name
affirmative_asylum.csv,ContinentCountryofNationality,world_country.csv,Continent
affirmative_asylum.csv,ContinentCountryofNationality,AdventureWorks2014_salesTerritory.csv,Group
affirmative_asylum.csv,ContinentCountryofNationality,world_country.csv,Name
affirmative_asylum.csv,ContinentCountryofNationality,wikipedia-iso-country-codes.csv,English_short_name_lower_case
affirmative_asylum.csv,ContinentCountryofNationality,AdventureWorks2014_salesTerritory.csv,Name
affirmative_asylum.csv,ContinentCountryofNationality,AdventureWorks2014_CountryRegion.csv,Name
affirmative_asylum.csv,ContinentCountryofNationality,countries_metadatacountries.csv,CountryName
affirmative_asylum.csv,ContinentCountryofNationality,movies.csv,country
affirmative_asylum.csv,ContinentCountryofNationality,countries_of_the_world.csv,Country
affirmative_asylum.csv,ContinentCountryofNationality,cwurData.csv,country
affirmative_asylum.csv,ContinentCountryofNationality,countries_and_continents.csv,name
affirmative_asylum.csv,ContinentCountryofNationality,countries_and_continents.csv,official_name_en
affirmative_asylum.csv,ContinentCountryofNationality,countries_and_continents.csv,ISO4217-currency_country_name
affirmative_asylum.csv,ContinentCountryofNationality,netflix_titles.csv,country
affirmative_asylum.csv,ContinentCountryofNationality,gender_development.csv,Country
affirmative_asylum.csv,ContinentCountryofNationality,hfi_cc_2018.csv,countries
affirmative_asylum.csv,ContinentCountryofNationality,population_by_country_2020.csv,CountryDependency
affirmative_asylum.csv,ContinentCountryofNationality,world-cities.csv,country
affirmative_asylum.csv,ContinentCountryofNationality,Word_University_Rank_2020.csv,Country
affirmative_asylum.csv,ContinentCountryofNationality,edu.csv,country
affirmative_asylum.csv,ContinentCountryofNationality,movie_metadata.csv,country
affirmative_asylum.csv,ContinentCountryofNationality,World_countries_env_vars.csv,Country
affirmative_asylum.csv,ContinentCountryofNationality,USA_cars_datasets.csv,country
affirmative_asylum.csv,ContinentCountryofNationality,whr2015.csv,Country
affirmative_asylum.csv,ContinentCountryofNationality,MoviesOnStreamingPlatforms_updated.csv,Country
affirmative_asylum.csv,ContinentCountryofNationality,who_suicide_statistics.csv,country
affirmative_asylum.csv,ContinentCountryofNationality,fifa_ranking.csv,country_full
affirmative_asylum.csv,ContinentCountryofNationality,UKDebate.csv,country
affirmative_asylum.csv,ContinentCountryofNationality,countries_data.csv,CountryName
affirmative_asylum.csv,ContinentCountryofNationality,world_country.csv,LocalName
affirmative_asylum.csv,ContinentCountryofNationality,countries_and_continents.csv,official_name_fr
affirmative_asylum.csv,ContinentCountryofNationality,USA_cars_datasets.csv,country
affirmative_asylum.csv,ContinentCountryofNationality,UKDebate.csv,country
affirmative_asylum.csv,ContinentCountryofNationality,affirmative_asylum.csv,ContinentCountryofNationality
countries_and_continents.csv,name,world_country.csv,Name
countries_and_continents.csv,name,wikipedia-iso-country-codes.csv,English_short_name_lower_case
countries_and_continents.csv,name,AdventureWorks2014_salesTerritory.csv,Name
countries_and_continents.csv,name,AdventureWorks2014_CountryRegion.csv,Name
countries_and_continents.csv,name,countries_metadatacountries.csv,CountryName
countries_and_continents.csv,name,movies.csv,country
countries_and_continents.csv,name,countries_of_the_world.csv,Country
countries_and_continents.csv,name,cwurData.csv,country
countries_and_continents.csv,name,netflix_titles.csv,country
countries_and_continents.csv,name,gender_development.csv,Country
countries_and_continents.csv,name,affirmative_asylum.csv,ContinentCountryofNationality
countries_and_continents.csv,name,hfi_cc_2018.csv,countries
countries_and_continents.csv,name,population_by_country_2020.csv,CountryDependency
countries_and_continents.csv,name,world-cities.csv,country
countries_and_continents.csv,name,Word_University_Rank_2020.csv,Country
countries_and_continents.csv,name,edu.csv,country
countries_and_continents.csv,name,movie_metadata.csv,country
countries_and_continents.csv,name,World_countries_env_vars.csv,Country
countries_and_continents.csv,name,USA_cars_datasets.csv,country
countries_and_continents.csv,name,whr2015.csv,Country
countries_and_continents.csv,name,MoviesOnStreamingPlatforms_updated.csv,Country
countries_and_continents.csv,name,who_suicide_statistics.csv,country
countries_and_continents.csv,name,fifa_ranking.csv,country_full
countries_and_continents.csv,name,UKDebate.csv,country
countries_and_continents.csv,name,countries_data.csv,CountryName
countries_and_continents.csv,name,world_country.csv,LocalName
countries_and_continents.csv,name,USA_cars_datasets.csv,country
countries_and_continents.csv,name,UKDebate.csv,country
countries_and_continents.csv,name,countries_and_continents.csv,name
countries_and_continents.csv,official_name_en,world_country.csv,Name
countries_and_continents.csv,official_name_en,wikipedia-iso-country-codes.csv,English_short_name_lower_case
countries_and_continents.csv,official_name_en,AdventureWorks2014_salesTerritory.csv,Name
countries_and_continents.csv,official_name_en,AdventureWorks2014_CountryRegion.csv,Name
countries_and_continents.csv,official_name_en,countries_metadatacountries.csv,CountryName
countries_and_continents.csv,official_name_en,movies.csv,country
countries_and_continents.csv,official_name_en,countries_of_the_world.csv,Country
countries_and_continents.csv,official_name_en,cwurData.csv,country
countries_and_continents.csv,official_name_en,netflix_titles.csv,country
countries_and_continents.csv,official_name_en,gender_development.csv,Country
countries_and_continents.csv,official_name_en,affirmative_asylum.csv,ContinentCountryofNationality
countries_and_continents.csv,official_name_en,hfi_cc_2018.csv,countries
countries_and_continents.csv,official_name_en,population_by_country_2020.csv,CountryDependency
countries_and_continents.csv,official_name_en,world-cities.csv,country
countries_and_continents.csv,official_name_en,Word_University_Rank_2020.csv,Country
countries_and_continents.csv,official_name_en,edu.csv,country
countries_and_continents.csv,official_name_en,movie_metadata.csv,country
countries_and_continents.csv,official_name_en,World_countries_env_vars.csv,Country
countries_and_continents.csv,official_name_en,USA_cars_datasets.csv,country
countries_and_continents.csv,official_name_en,whr2015.csv,Country
countries_and_continents.csv,official_name_en,MoviesOnStreamingPlatforms_updated.csv,Country
countries_and_continents.csv,official_name_en,who_suicide_statistics.csv,country
countries_and_continents.csv,official_name_en,fifa_ranking.csv,country_full
countries_and_continents.csv,official_name_en,UKDebate.csv,country
countries_and_continents.csv,official_name_en,countries_data.csv,CountryName
countries_and_continents.csv,official_name_en,world_country.csv,LocalName
countries_and_continents.csv,official_name_en,USA_cars_datasets.csv,country
countries_and_continents.csv,official_name_en,UKDebate.csv,country
countries_and_continents.csv,official_name_en,countries_and_continents.csv,official_name_en
countries_and_continents.csv,ISO4217-currency_country_name,world_country.csv,Name
countries_and_continents.csv,ISO4217-currency_country_name,wikipedia-iso-country-codes.csv,English_short_name_lower_case
countries_and_continents.csv,ISO4217-currency_country_name,AdventureWorks2014_salesTerritory.csv,Name
countries_and_continents.csv,ISO4217-currency_country_name,AdventureWorks2014_CountryRegion.csv,Name
countries_and_continents.csv,ISO4217-currency_country_name,countries_metadatacountries.csv,CountryName
countries_and_continents.csv,ISO4217-currency_country_name,movies.csv,country
countries_and_continents.csv,ISO4217-currency_country_name,countries_of_the_world.csv,Country
countries_and_continents.csv,ISO4217-currency_country_name,cwurData.csv,country
countries_and_continents.csv,ISO4217-currency_country_name,netflix_titles.csv,country
countries_and_continents.csv,ISO4217-currency_country_name,gender_development.csv,Country
countries_and_continents.csv,ISO4217-currency_country_name,affirmative_asylum.csv,ContinentCountryofNationality
countries_and_continents.csv,ISO4217-currency_country_name,hfi_cc_2018.csv,countries
countries_and_continents.csv,ISO4217-currency_country_name,population_by_country_2020.csv,CountryDependency
countries_and_continents.csv,ISO4217-currency_country_name,world-cities.csv,country
countries_and_continents.csv,ISO4217-currency_country_name,Word_University_Rank_2020.csv,Country
countries_and_continents.csv,ISO4217-currency_country_name,edu.csv,country
countries_and_continents.csv,ISO4217-currency_country_name,movie_metadata.csv,country
countries_and_continents.csv,ISO4217-currency_country_name,World_countries_env_vars.csv,Country
countries_and_continents.csv,ISO4217-currency_country_name,USA_cars_datasets.csv,country
countries_and_continents.csv,ISO4217-currency_country_name,whr2015.csv,Country
countries_and_continents.csv,ISO4217-currency_country_name,MoviesOnStreamingPlatforms_updated.csv,Country
countries_and_continents.csv,ISO4217-currency_country_name,who_suicide_statistics.csv,country
countries_and_continents.csv,ISO4217-currency_country_name,fifa_ranking.csv,country_full
countries_and_continents.csv,ISO4217-currency_country_name,UKDebate.csv,country
countries_and_continents.csv,ISO4217-currency_country_name,countries_data.csv,CountryName
countries_and_continents.csv,ISO4217-currency_country_name,world_country.csv,LocalName
countries_and_continents.csv,ISO4217-currency_country_name,USA_cars_datasets.csv,country
countries_and_continents.csv,ISO4217-currency_country_name,UKDebate.csv,country
countries_and_continents.csv,ISO4217-currency_country_name,countries_and_continents.csv,ISO4217-currency_country_name
countries_and_continents.csv,official_name_fr,world_country.csv,Name
countries_and_continents.csv,official_name_fr,wikipedia-iso-country-codes.csv,English_short_name_lower_case
countries_and_continents.csv,official_name_fr,AdventureWorks2014_salesTerritory.csv,Name
countries_and_continents.csv,official_name_fr,AdventureWorks2014_CountryRegion.csv,Name
countries_and_continents.csv,official_name_fr,countries_metadatacountries.csv,CountryName
countries_and_continents.csv,official_name_fr,movies.csv,country
countries_and_continents.csv,official_name_fr,countries_of_the_world.csv,Country
countries_and_continents.csv,official_name_fr,cwurData.csv,country
countries_and_continents.csv,official_name_fr,netflix_titles.csv,country
countries_and_continents.csv,official_name_fr,gender_development.csv,Country
countries_and_continents.csv,official_name_fr,affirmative_asylum.csv,ContinentCountryofNationality
countries_and_continents.csv,official_name_fr,hfi_cc_2018.csv,countries
countries_and_continents.csv,official_name_fr,population_by_country_2020.csv,CountryDependency
countries_and_continents.csv,official_name_fr,world-cities.csv,country
countries_and_continents.csv,official_name_fr,Word_University_Rank_2020.csv,Country
countries_and_continents.csv,official_name_fr,edu.csv,country
countries_and_continents.csv,official_name_fr,movie_metadata.csv,country
countries_and_continents.csv,official_name_fr,World_countries_env_vars.csv,Country
countries_and_continents.csv,official_name_fr,USA_cars_datasets.csv,country
countries_and_continents.csv,official_name_fr,whr2015.csv,Country
countries_and_continents.csv,official_name_fr,MoviesOnStreamingPlatforms_updated.csv,Country
countries_and_continents.csv,official_name_fr,who_suicide_statistics.csv,country
countries_and_continents.csv,official_name_fr,fifa_ranking.csv,country_full
countries_and_continents.csv,official_name_fr,UKDebate.csv,country
countries_and_continents.csv,official_name_fr,countries_data.csv,CountryName
countries_and_continents.csv,official_name_fr,world_country.csv,LocalName
countries_and_continents.csv,official_name_fr,USA_cars_datasets.csv,country
countries_and_continents.csv,official_name_fr,UKDebate.csv,country
countries_and_continents.csv,official_name_fr,countries_and_continents.csv,official_name_fr
countries_data.csv,CountryName,world_country.csv,Name
countries_data.csv,CountryName,wikipedia-iso-country-codes.csv,English_short_name_lower_case
countries_data.csv,CountryName,AdventureWorks2014_salesTerritory.csv,Name
countries_data.csv,CountryName,AdventureWorks2014_CountryRegion.csv,Name
countries_data.csv,CountryName,countries_metadatacountries.csv,CountryName
countries_data.csv,CountryName,movies.csv,country
countries_data.csv,CountryName,countries_of_the_world.csv,Country
countries_data.csv,CountryName,cwurData.csv,country
countries_data.csv,CountryName,countries_and_continents.csv,name
countries_data.csv,CountryName,countries_and_continents.csv,official_name_en
countries_data.csv,CountryName,countries_and_continents.csv,ISO4217-currency_country_name
countries_data.csv,CountryName,netflix_titles.csv,country
countries_data.csv,CountryName,gender_development.csv,Country
countries_data.csv,CountryName,affirmative_asylum.csv,ContinentCountryofNationality
countries_data.csv,CountryName,hfi_cc_2018.csv,countries
countries_data.csv,CountryName,population_by_country_2020.csv,CountryDependency
countries_data.csv,CountryName,world-cities.csv,country
countries_data.csv,CountryName,Word_University_Rank_2020.csv,Country
countries_data.csv,CountryName,edu.csv,country
countries_data.csv,CountryName,movie_metadata.csv,country
countries_data.csv,CountryName,World_countries_env_vars.csv,Country
countries_data.csv,CountryName,USA_cars_datasets.csv,country
countries_data.csv,CountryName,whr2015.csv,Country
countries_data.csv,CountryName,MoviesOnStreamingPlatforms_updated.csv,Country
countries_data.csv,CountryName,who_suicide_statistics.csv,country
countries_data.csv,CountryName,fifa_ranking.csv,country_full
countries_data.csv,CountryName,UKDebate.csv,country
countries_data.csv,CountryName,world_country.csv,LocalName
countries_data.csv,CountryName,countries_and_continents.csv,official_name_fr
countries_data.csv,CountryName,USA_cars_datasets.csv,country
countries_data.csv,CountryName,UKDebate.csv,country
countries_data.csv,CountryName,countries_data.csv,CountryName
countries_metadatacountries.csv,CountryName,world_country.csv,Name
countries_metadatacountries.csv,CountryName,wikipedia-iso-country-codes.csv,English_short_name_lower_case
countries_metadatacountries.csv,CountryName,AdventureWorks2014_salesTerritory.csv,Name
countries_metadatacountries.csv,CountryName,AdventureWorks2014_CountryRegion.csv,Name
countries_metadatacountries.csv,CountryName,movies.csv,country
countries_metadatacountries.csv,CountryName,countries_of_the_world.csv,Country
countries_metadatacountries.csv,CountryName,cwurData.csv,country
countries_metadatacountries.csv,CountryName,countries_and_continents.csv,name
countries_metadatacountries.csv,CountryName,countries_and_continents.csv,official_name_en
countries_metadatacountries.csv,CountryName,countries_and_continents.csv,ISO4217-currency_country_name
countries_metadatacountries.csv,CountryName,netflix_titles.csv,country
countries_metadatacountries.csv,CountryName,gender_development.csv,Country
countries_metadatacountries.csv,CountryName,affirmative_asylum.csv,ContinentCountryofNationality
countries_metadatacountries.csv,CountryName,hfi_cc_2018.csv,countries
countries_metadatacountries.csv,CountryName,population_by_country_2020.csv,CountryDependency
countries_metadatacountries.csv,CountryName,world-cities.csv,country
countries_metadatacountries.csv,CountryName,Word_University_Rank_2020.csv,Country
countries_metadatacountries.csv,CountryName,edu.csv,country
countries_metadatacountries.csv,CountryName,movie_metadata.csv,country
countries_metadatacountries.csv,CountryName,World_countries_env_vars.csv,Country
countries_metadatacountries.csv,CountryName,USA_cars_datasets.csv,country
countries_metadatacountries.csv,CountryName,whr2015.csv,Country
countries_metadatacountries.csv,CountryName,MoviesOnStreamingPlatforms_updated.csv,Country
countries_metadatacountries.csv,CountryName,who_suicide_statistics.csv,country
countries_metadatacountries.csv,CountryName,fifa_ranking.csv,country_full
countries_metadatacountries.csv,CountryName,UKDebate.csv,country
countries_metadatacountries.csv,CountryName,countries_data.csv,CountryName
countries_metadatacountries.csv,CountryName,world_country.csv,LocalName
countries_metadatacountries.csv,CountryName,countries_and_continents.csv,official_name_fr
countries_metadatacountries.csv,CountryName,USA_cars_datasets.csv,country
countries_metadatacountries.csv,CountryName,UKDebate.csv,country
countries_metadatacountries.csv,CountryName,countries_metadatacountries.csv,CountryName
countries_of_the_world.csv,Country,world_country.csv,Name
countries_of_the_world.csv,Country,wikipedia-iso-country-codes.csv,English_short_name_lower_case
countries_of_the_world.csv,Country,AdventureWorks2014_salesTerritory.csv,Name
countries_of_the_world.csv,Country,AdventureWorks2014_CountryRegion.csv,Name
countries_of_the_world.csv,Country,countries_metadatacountries.csv,CountryName
countries_of_the_world.csv,Country,movies.csv,country
countries_of_the_world.csv,Country,cwurData.csv,country
countries_of_the_world.csv,Country,countries_and_continents.csv,name
countries_of_the_world.csv,Country,countries_and_continents.csv,official_name_en
countries_of_the_world.csv,Country,countries_and_continents.csv,ISO4217-currency_country_name
countries_of_the_world.csv,Country,netflix_titles.csv,country
countries_of_the_world.csv,Country,gender_development.csv,Country
countries_of_the_world.csv,Country,affirmative_asylum.csv,ContinentCountryofNationality
countries_of_the_world.csv,Country,hfi_cc_2018.csv,countries
countries_of_the_world.csv,Country,population_by_country_2020.csv,CountryDependency
countries_of_the_world.csv,Country,world-cities.csv,country
countries_of_the_world.csv,Country,Word_University_Rank_2020.csv,Country
countries_of_the_world.csv,Country,edu.csv,country
countries_of_the_world.csv,Country,movie_metadata.csv,country
countries_of_the_world.csv,Country,World_countries_env_vars.csv,Country
countries_of_the_world.csv,Country,USA_cars_datasets.csv,country
countries_of_the_world.csv,Country,whr2015.csv,Country
countries_of_the_world.csv,Country,MoviesOnStreamingPlatforms_updated.csv,Country
countries_of_the_world.csv,Country,who_suicide_statistics.csv,country
countries_of_the_world.csv,Country,fifa_ranking.csv,country_full
countries_of_the_world.csv,Country,UKDebate.csv,country
countries_of_the_world.csv,Country,countries_data.csv,CountryName
countries_of_the_world.csv,Country,world_country.csv,LocalName
countries_of_the_world.csv,Country,countries_and_continents.csv,official_name_fr
countries_of_the_world.csv,Country,USA_cars_datasets.csv,country
countries_of_the_world.csv,Country,UKDebate.csv,country
countries_of_the_world.csv,Country,countries_of_the_world.csv,Country
cwurData.csv,country,world_country.csv,Name
cwurData.csv,country,wikipedia-iso-country-codes.csv,English_short_name_lower_case
cwurData.csv,country,AdventureWorks2014_salesTerritory.csv,Name
cwurData.csv,country,AdventureWorks2014_CountryRegion.csv,Name
cwurData.csv,country,countries_metadatacountries.csv,CountryName
cwurData.csv,country,movies.csv,country
cwurData.csv,country,countries_of_the_world.csv,Country
cwurData.csv,country,countries_and_continents.csv,name
cwurData.csv,country,countries_and_continents.csv,official_name_en
cwurData.csv,country,countries_and_continents.csv,ISO4217-currency_country_name
cwurData.csv,country,netflix_titles.csv,country
cwurData.csv,country,gender_development.csv,Country
cwurData.csv,country,affirmative_asylum.csv,ContinentCountryofNationality
cwurData.csv,country,hfi_cc_2018.csv,countries
cwurData.csv,country,population_by_country_2020.csv,CountryDependency
cwurData.csv,country,world-cities.csv,country
cwurData.csv,country,Word_University_Rank_2020.csv,Country
cwurData.csv,country,edu.csv,country
cwurData.csv,country,movie_metadata.csv,country
cwurData.csv,country,World_countries_env_vars.csv,Country
cwurData.csv,country,USA_cars_datasets.csv,country
cwurData.csv,country,whr2015.csv,Country
cwurData.csv,country,MoviesOnStreamingPlatforms_updated.csv,Country
cwurData.csv,country,who_suicide_statistics.csv,country
cwurData.csv,country,fifa_ranking.csv,country_full
cwurData.csv,country,UKDebate.csv,country
cwurData.csv,country,countries_data.csv,CountryName
cwurData.csv,country,world_country.csv,LocalName
cwurData.csv,country,countries_and_continents.csv,official_name_fr
cwurData.csv,country,USA_cars_datasets.csv,country
cwurData.csv,country,UKDebate.csv,country
cwurData.csv,country,cwurData.csv,country
edu.csv,country,world_country.csv,Name
edu.csv,country,wikipedia-iso-country-codes.csv,English_short_name_lower_case
edu.csv,country,AdventureWorks2014_salesTerritory.csv,Name
edu.csv,country,AdventureWorks2014_CountryRegion.csv,Name
edu.csv,country,countries_metadatacountries.csv,CountryName
edu.csv,country,movies.csv,country
edu.csv,country,countries_of_the_world.csv,Country
edu.csv,country,cwurData.csv,country
edu.csv,country,countries_and_continents.csv,name
edu.csv,country,countries_and_continents.csv,official_name_en
edu.csv,country,countries_and_continents.csv,ISO4217-currency_country_name
edu.csv,country,netflix_titles.csv,country
edu.csv,country,gender_development.csv,Country
edu.csv,country,affirmative_asylum.csv,ContinentCountryofNationality
edu.csv,country,hfi_cc_2018.csv,countries
edu.csv,country,population_by_country_2020.csv,CountryDependency
edu.csv,country,world-cities.csv,country
edu.csv,country,Word_University_Rank_2020.csv,Country
edu.csv,country,movie_metadata.csv,country
edu.csv,country,World_countries_env_vars.csv,Country
edu.csv,country,USA_cars_datasets.csv,country
edu.csv,country,whr2015.csv,Country
edu.csv,country,MoviesOnStreamingPlatforms_updated.csv,Country
edu.csv,country,who_suicide_statistics.csv,country
edu.csv,country,fifa_ranking.csv,country_full
edu.csv,country,UKDebate.csv,country
edu.csv,country,countries_data.csv,CountryName
edu.csv,country,world_country.csv,LocalName
edu.csv,country,countries_and_continents.csv,official_name_fr
edu.csv,country,USA_cars_datasets.csv,country
edu.csv,country,UKDebate.csv,country
edu.csv,country,edu.csv,country
fifa_ranking.csv,country_full,world_country.csv,Name
fifa_ranking.csv,country_full,wikipedia-iso-country-codes.csv,English_short_name_lower_case
fifa_ranking.csv,country_full,AdventureWorks2014_salesTerritory.csv,Name
fifa_ranking.csv,country_full,AdventureWorks2014_CountryRegion.csv,Name
fifa_ranking.csv,country_full,countries_metadatacountries.csv,CountryName
fifa_ranking.csv,country_full,movies.csv,country
fifa_ranking.csv,country_full,countries_of_the_world.csv,Country
fifa_ranking.csv,country_full,cwurData.csv,country
fifa_ranking.csv,country_full,countries_and_continents.csv,name
fifa_ranking.csv,country_full,countries_and_continents.csv,official_name_en
fifa_ranking.csv,country_full,countries_and_continents.csv,ISO4217-currency_country_name
fifa_ranking.csv,country_full,netflix_titles.csv,country
fifa_ranking.csv,country_full,gender_development.csv,Country
fifa_ranking.csv,country_full,affirmative_asylum.csv,ContinentCountryofNationality
fifa_ranking.csv,country_full,hfi_cc_2018.csv,countries
fifa_ranking.csv,country_full,population_by_country_2020.csv,CountryDependency
fifa_ranking.csv,country_full,world-cities.csv,country
fifa_ranking.csv,country_full,Word_University_Rank_2020.csv,Country
fifa_ranking.csv,country_full,edu.csv,country
fifa_ranking.csv,country_full,movie_metadata.csv,country
fifa_ranking.csv,country_full,World_countries_env_vars.csv,Country
fifa_ranking.csv,country_full,USA_cars_datasets.csv,country
fifa_ranking.csv,country_full,whr2015.csv,Country
fifa_ranking.csv,country_full,MoviesOnStreamingPlatforms_updated.csv,Country
fifa_ranking.csv,country_full,who_suicide_statistics.csv,country
fifa_ranking.csv,country_full,UKDebate.csv,country
fifa_ranking.csv,country_full,countries_data.csv,CountryName
fifa_ranking.csv,country_full,world_country.csv,LocalName
fifa_ranking.csv,country_full,countries_and_continents.csv,official_name_fr
fifa_ranking.csv,country_full,USA_cars_datasets.csv,country
fifa_ranking.csv,country_full,UKDebate.csv,country
fifa_ranking.csv,country_full,fifa_ranking.csv,country_full
gender_development.csv,Country,world_country.csv,Name
gender_development.csv,Country,wikipedia-iso-country-codes.csv,English_short_name_lower_case
gender_development.csv,Country,AdventureWorks2014_salesTerritory.csv,Name
gender_development.csv,Country,AdventureWorks2014_CountryRegion.csv,Name
gender_development.csv,Country,countries_metadatacountries.csv,CountryName
gender_development.csv,Country,movies.csv,country
gender_development.csv,Country,countries_of_the_world.csv,Country
gender_development.csv,Country,cwurData.csv,country
gender_development.csv,Country,countries_and_continents.csv,name
gender_development.csv,Country,countries_and_continents.csv,official_name_en
gender_development.csv,Country,countries_and_continents.csv,ISO4217-currency_country_name
gender_development.csv,Country,netflix_titles.csv,country
gender_development.csv,Country,affirmative_asylum.csv,ContinentCountryofNationality
gender_development.csv,Country,hfi_cc_2018.csv,countries
gender_development.csv,Country,population_by_country_2020.csv,CountryDependency
gender_development.csv,Country,world-cities.csv,country
gender_development.csv,Country,Word_University_Rank_2020.csv,Country
gender_development.csv,Country,edu.csv,country
gender_development.csv,Country,movie_metadata.csv,country
gender_development.csv,Country,World_countries_env_vars.csv,Country
gender_development.csv,Country,USA_cars_datasets.csv,country
gender_development.csv,Country,whr2015.csv,Country
gender_development.csv,Country,MoviesOnStreamingPlatforms_updated.csv,Country
gender_development.csv,Country,who_suicide_statistics.csv,country
gender_development.csv,Country,fifa_ranking.csv,country_full
gender_development.csv,Country,UKDebate.csv,country
gender_development.csv,Country,countries_data.csv,CountryName
gender_development.csv,Country,world_country.csv,LocalName
gender_development.csv,Country,countries_and_continents.csv,official_name_fr
gender_development.csv,Country,USA_cars_datasets.csv,country
gender_development.csv,Country,UKDebate.csv,country
gender_development.csv,Country,gender_development.csv,Country
hfi_cc_2018.csv,countries,world_country.csv,Name
hfi_cc_2018.csv,countries,wikipedia-iso-country-codes.csv,English_short_name_lower_case
hfi_cc_2018.csv,countries,AdventureWorks2014_salesTerritory.csv,Name
hfi_cc_2018.csv,countries,AdventureWorks2014_CountryRegion.csv,Name
hfi_cc_2018.csv,countries,countries_metadatacountries.csv,CountryName
hfi_cc_2018.csv,countries,movies.csv,country
hfi_cc_2018.csv,countries,countries_of_the_world.csv,Country
hfi_cc_2018.csv,countries,cwurData.csv,country
hfi_cc_2018.csv,countries,countries_and_continents.csv,name
hfi_cc_2018.csv,countries,countries_and_continents.csv,official_name_en
hfi_cc_2018.csv,countries,countries_and_continents.csv,ISO4217-currency_country_name
hfi_cc_2018.csv,countries,netflix_titles.csv,country
hfi_cc_2018.csv,countries,gender_development.csv,Country
hfi_cc_2018.csv,countries,affirmative_asylum.csv,ContinentCountryofNationality
hfi_cc_2018.csv,countries,population_by_country_2020.csv,CountryDependency
hfi_cc_2018.csv,countries,world-cities.csv,country
hfi_cc_2018.csv,countries,Word_University_Rank_2020.csv,Country
hfi_cc_2018.csv,countries,edu.csv,country
hfi_cc_2018.csv,countries,movie_metadata.csv,country
hfi_cc_2018.csv,countries,World_countries_env_vars.csv,Country
hfi_cc_2018.csv,countries,USA_cars_datasets.csv,country
hfi_cc_2018.csv,countries,whr2015.csv,Country
hfi_cc_2018.csv,countries,MoviesOnStreamingPlatforms_updated.csv,Country
hfi_cc_2018.csv,countries,who_suicide_statistics.csv,country
hfi_cc_2018.csv,countries,fifa_ranking.csv,country_full
hfi_cc_2018.csv,countries,UKDebate.csv,country
hfi_cc_2018.csv,countries,countries_data.csv,CountryName
hfi_cc_2018.csv,countries,world_country.csv,LocalName
hfi_cc_2018.csv,countries,countries_and_continents.csv,official_name_fr
hfi_cc_2018.csv,countries,USA_cars_datasets.csv,country
hfi_cc_2018.csv,countries,UKDebate.csv,country
hfi_cc_2018.csv,countries,hfi_cc_2018.csv,countries
movie_metadata.csv,country,world_country.csv,Name
movie_metadata.csv,country,wikipedia-iso-country-codes.csv,English_short_name_lower_case
movie_metadata.csv,country,AdventureWorks2014_salesTerritory.csv,Name
movie_metadata.csv,country,AdventureWorks2014_CountryRegion.csv,Name
movie_metadata.csv,country,countries_metadatacountries.csv,CountryName
movie_metadata.csv,country,movies.csv,country
movie_metadata.csv,country,countries_of_the_world.csv,Country
movie_metadata.csv,country,cwurData.csv,country
movie_metadata.csv,country,countries_and_continents.csv,name
movie_metadata.csv,country,countries_and_continents.csv,official_name_en
movie_metadata.csv,country,countries_and_continents.csv,ISO4217-currency_country_name
movie_metadata.csv,country,netflix_titles.csv,country
movie_metadata.csv,country,gender_development.csv,Country
movie_metadata.csv,country,affirmative_asylum.csv,ContinentCountryofNationality
movie_metadata.csv,country,hfi_cc_2018.csv,countries
movie_metadata.csv,country,population_by_country_2020.csv,CountryDependency
movie_metadata.csv,country,world-cities.csv,country
movie_metadata.csv,country,Word_University_Rank_2020.csv,Country
movie_metadata.csv,country,edu.csv,country
movie_metadata.csv,country,World_countries_env_vars.csv,Country
movie_metadata.csv,country,USA_cars_datasets.csv,country
movie_metadata.csv,country,whr2015.csv,Country
movie_metadata.csv,country,MoviesOnStreamingPlatforms_updated.csv,Country
movie_metadata.csv,country,who_suicide_statistics.csv,country
movie_metadata.csv,country,fifa_ranking.csv,country_full
movie_metadata.csv,country,UKDebate.csv,country
movie_metadata.csv,country,countries_data.csv,CountryName
movie_metadata.csv,country,world_country.csv,LocalName
movie_metadata.csv,country,countries_and_continents.csv,official_name_fr
movie_metadata.csv,country,USA_cars_datasets.csv,country
movie_metadata.csv,country,UKDebate.csv,country
movie_metadata.csv,country,movie_metadata.csv,country
movies.csv,country,world_country.csv,Name
movies.csv,country,wikipedia-iso-country-codes.csv,English_short_name_lower_case
movies.csv,country,AdventureWorks2014_salesTerritory.csv,Name
movies.csv,country,AdventureWorks2014_CountryRegion.csv,Name
movies.csv,country,countries_metadatacountries.csv,CountryName
movies.csv,country,countries_of_the_world.csv,Country
movies.csv,country,cwurData.csv,country
movies.csv,country,countries_and_continents.csv,name
movies.csv,country,countries_and_continents.csv,official_name_en
movies.csv,country,countries_and_continents.csv,ISO4217-currency_country_name
movies.csv,country,netflix_titles.csv,country
movies.csv,country,gender_development.csv,Country
movies.csv,country,affirmative_asylum.csv,ContinentCountryofNationality
movies.csv,country,hfi_cc_2018.csv,countries
movies.csv,country,population_by_country_2020.csv,CountryDependency
movies.csv,country,world-cities.csv,country
movies.csv,country,Word_University_Rank_2020.csv,Country
movies.csv,country,edu.csv,country
movies.csv,country,movie_metadata.csv,country
movies.csv,country,World_countries_env_vars.csv,Country
movies.csv,country,USA_cars_datasets.csv,country
movies.csv,country,whr2015.csv,Country
movies.csv,country,MoviesOnStreamingPlatforms_updated.csv,Country
movies.csv,country,who_suicide_statistics.csv,country
movies.csv,country,fifa_ranking.csv,country_full
movies.csv,country,UKDebate.csv,country
movies.csv,country,countries_data.csv,CountryName
movies.csv,country,world_country.csv,LocalName
movies.csv,country,countries_and_continents.csv,official_name_fr
movies.csv,country,USA_cars_datasets.csv,country
movies.csv,country,UKDebate.csv,country
movies.csv,country,movies.csv,country
MoviesOnStreamingPlatforms_updated.csv,Country,world_country.csv,Name
MoviesOnStreamingPlatforms_updated.csv,Country,wikipedia-iso-country-codes.csv,English_short_name_lower_case
MoviesOnStreamingPlatforms_updated.csv,Country,AdventureWorks2014_salesTerritory.csv,Name
MoviesOnStreamingPlatforms_updated.csv,Country,AdventureWorks2014_CountryRegion.csv,Name
MoviesOnStreamingPlatforms_updated.csv,Country,countries_metadatacountries.csv,CountryName
MoviesOnStreamingPlatforms_updated.csv,Country,movies.csv,country
MoviesOnStreamingPlatforms_updated.csv,Country,countries_of_the_world.csv,Country
MoviesOnStreamingPlatforms_updated.csv,Country,cwurData.csv,country
MoviesOnStreamingPlatforms_updated.csv,Country,countries_and_continents.csv,name
MoviesOnStreamingPlatforms_updated.csv,Country,countries_and_continents.csv,official_name_en
MoviesOnStreamingPlatforms_updated.csv,Country,countries_and_continents.csv,ISO4217-currency_country_name
MoviesOnStreamingPlatforms_updated.csv,Country,netflix_titles.csv,country
MoviesOnStreamingPlatforms_updated.csv,Country,gender_development.csv,Country
MoviesOnStreamingPlatforms_updated.csv,Country,affirmative_asylum.csv,ContinentCountryofNationality
MoviesOnStreamingPlatforms_updated.csv,Country,hfi_cc_2018.csv,countries
MoviesOnStreamingPlatforms_updated.csv,Country,population_by_country_2020.csv,CountryDependency
MoviesOnStreamingPlatforms_updated.csv,Country,world-cities.csv,country
MoviesOnStreamingPlatforms_updated.csv,Country,Word_University_Rank_2020.csv,Country
MoviesOnStreamingPlatforms_updated.csv,Country,edu.csv,country
MoviesOnStreamingPlatforms_updated.csv,Country,movie_metadata.csv,country
MoviesOnStreamingPlatforms_updated.csv,Country,World_countries_env_vars.csv,Country
MoviesOnStreamingPlatforms_updated.csv,Country,USA_cars_datasets.csv,country
MoviesOnStreamingPlatforms_updated.csv,Country,whr2015.csv,Country
MoviesOnStreamingPlatforms_updated.csv,Country,who_suicide_statistics.csv,country
MoviesOnStreamingPlatforms_updated.csv,Country,fifa_ranking.csv,country_full
MoviesOnStreamingPlatforms_updated.csv,Country,UKDebate.csv,country
MoviesOnStreamingPlatforms_updated.csv,Country,countries_data.csv,CountryName
MoviesOnStreamingPlatforms_updated.csv,Country,world_country.csv,LocalName
MoviesOnStreamingPlatforms_updated.csv,Country,countries_and_continents.csv,official_name_fr
MoviesOnStreamingPlatforms_updated.csv,Country,USA_cars_datasets.csv,country
MoviesOnStreamingPlatforms_updated.csv,Country,UKDebate.csv,country
MoviesOnStreamingPlatforms_updated.csv,Country,MoviesOnStreamingPlatforms_updated.csv,Country
netflix_titles.csv,country,world_country.csv,Name
netflix_titles.csv,country,wikipedia-iso-country-codes.csv,English_short_name_lower_case
netflix_titles.csv,country,AdventureWorks2014_salesTerritory.csv,Name
netflix_titles.csv,country,AdventureWorks2014_CountryRegion.csv,Name
netflix_titles.csv,country,countries_metadatacountries.csv,CountryName
netflix_titles.csv,country,movies.csv,country
netflix_titles.csv,country,countries_of_the_world.csv,Country
netflix_titles.csv,country,cwurData.csv,country
netflix_titles.csv,country,countries_and_continents.csv,name
netflix_titles.csv,country,countries_and_continents.csv,official_name_en
netflix_titles.csv,country,countries_and_continents.csv,ISO4217-currency_country_name
netflix_titles.csv,country,gender_development.csv,Country
netflix_titles.csv,country,affirmative_asylum.csv,ContinentCountryofNationality
netflix_titles.csv,country,hfi_cc_2018.csv,countries
netflix_titles.csv,country,population_by_country_2020.csv,CountryDependency
netflix_titles.csv,country,world-cities.csv,country
netflix_titles.csv,country,Word_University_Rank_2020.csv,Country
netflix_titles.csv,country,edu.csv,country
netflix_titles.csv,country,movie_metadata.csv,country
netflix_titles.csv,country,World_countries_env_vars.csv,Country
netflix_titles.csv,country,USA_cars_datasets.csv,country
netflix_titles.csv,country,whr2015.csv,Country
netflix_titles.csv,country,MoviesOnStreamingPlatforms_updated.csv,Country
netflix_titles.csv,country,who_suicide_statistics.csv,country
netflix_titles.csv,country,fifa_ranking.csv,country_full
netflix_titles.csv,country,UKDebate.csv,country
netflix_titles.csv,country,countries_data.csv,CountryName
netflix_titles.csv,country,world_country.csv,LocalName
netflix_titles.csv,country,countries_and_continents.csv,official_name_fr
netflix_titles.csv,country,USA_cars_datasets.csv,country
netflix_titles.csv,country,UKDebate.csv,country
netflix_titles.csv,country,netflix_titles.csv,country
population_by_country_2020.csv,CountryDependency,world_country.csv,Name
population_by_country_2020.csv,CountryDependency,wikipedia-iso-country-codes.csv,English_short_name_lower_case
population_by_country_2020.csv,CountryDependency,AdventureWorks2014_salesTerritory.csv,Name
population_by_country_2020.csv,CountryDependency,AdventureWorks2014_CountryRegion.csv,Name
population_by_country_2020.csv,CountryDependency,countries_metadatacountries.csv,CountryName
population_by_country_2020.csv,CountryDependency,movies.csv,country
population_by_country_2020.csv,CountryDependency,countries_of_the_world.csv,Country
population_by_country_2020.csv,CountryDependency,cwurData.csv,country
population_by_country_2020.csv,CountryDependency,countries_and_continents.csv,name
population_by_country_2020.csv,CountryDependency,countries_and_continents.csv,official_name_en
population_by_country_2020.csv,CountryDependency,countries_and_continents.csv,ISO4217-currency_country_name
population_by_country_2020.csv,CountryDependency,netflix_titles.csv,country
population_by_country_2020.csv,CountryDependency,gender_development.csv,Country
population_by_country_2020.csv,CountryDependency,affirmative_asylum.csv,ContinentCountryofNationality
population_by_country_2020.csv,CountryDependency,hfi_cc_2018.csv,countries
population_by_country_2020.csv,CountryDependency,world-cities.csv,country
population_by_country_2020.csv,CountryDependency,Word_University_Rank_2020.csv,Country
population_by_country_2020.csv,CountryDependency,edu.csv,country
population_by_country_2020.csv,CountryDependency,movie_metadata.csv,country
population_by_country_2020.csv,CountryDependency,World_countries_env_vars.csv,Country
population_by_country_2020.csv,CountryDependency,USA_cars_datasets.csv,country
population_by_country_2020.csv,CountryDependency,whr2015.csv,Country
population_by_country_2020.csv,CountryDependency,MoviesOnStreamingPlatforms_updated.csv,Country
population_by_country_2020.csv,CountryDependency,who_suicide_statistics.csv,country
population_by_country_2020.csv,CountryDependency,fifa_ranking.csv,country_full
population_by_country_2020.csv,CountryDependency,UKDebate.csv,country
population_by_country_2020.csv,CountryDependency,countries_data.csv,CountryName
population_by_country_2020.csv,CountryDependency,world_country.csv,LocalName
population_by_country_2020.csv,CountryDependency,countries_and_continents.csv,official_name_fr
population_by_country_2020.csv,CountryDependency,USA_cars_datasets.csv,country
population_by_country_2020.csv,CountryDependency,UKDebate.csv,country
population_by_country_2020.csv,CountryDependency,population_by_country_2020.csv,CountryDependency
pte_alcohol.csv,Arg0,pte_ketone.csv,Arg0
pte_alcohol.csv,Arg0,pte_sulfide.csv,Arg0
pte_alcohol.csv,Arg0,pte_non_ar_hetero_5_ring.csv,Arg0
pte_alcohol.csv,Arg0,pte_non_ar_5c_ring.csv,Arg0
pte_alcohol.csv,Arg0,pte_methyl.csv,Arg0
pte_alcohol.csv,Arg0,pte_atm_count.csv,Arg0
pte_alcohol.csv,Arg0,pte_imine.csv,Arg0
pte_alcohol.csv,Arg0,pte_non_ar_6c_ring.csv,Arg0
pte_alcohol.csv,Arg0,pte_testactive_Neg.csv,Arg0
pte_alcohol.csv,Arg0,pte_atm_min_charge.csv,Arg0
pte_alcohol.csv,Arg0,pte_ames.csv,Arg0
pte_alcohol.csv,Arg0,pte_ester.csv,Arg0
pte_alcohol.csv,Arg0,pte_bound_cnt.csv,Arg0
pte_alcohol.csv,Arg0,pte_nitro.csv,Arg0
pte_alcohol.csv,Arg0,pte_alkyl_halide.csv,Arg0
pte_alcohol.csv,Arg0,pte_mutagenic.csv,Arg0
pte_alcohol.csv,Arg0,pte_non_ar_hetero_6_ring.csv,Arg0
pte_alcohol.csv,Arg0,pte_postestactive_neg.csv,Arg0
pte_alcohol.csv,Arg0,pte_ind.csv,Arg0
pte_alcohol.csv,Arg0,pte_atm_max_charge.csv,Arg0
pte_alcohol.csv,Arg0,pte_has_property.csv,Arg0
pte_alcohol.csv,Arg0,pte_phenol.csv,Arg0
pte_alcohol.csv,Arg0,pte_methoxy.csv,Arg0
pte_alcohol.csv,Arg0,pte_sulfo.csv,Arg0
pte_alcohol.csv,Arg0,pte_postestactive.csv,Arg0
pte_alcohol.csv,Arg0,pte_active.csv,Arg0
pte_alcohol.csv,Arg0,pte_testactive.csv,Arg0
pte_alcohol.csv,Arg0,pte_six_ring.csv,Arg0
pte_alcohol.csv,Arg0,pte_amine.csv,Arg0
pte_alcohol.csv,Arg0,pte_five_ring.csv,Arg0
pte_alcohol.csv,Arg0,pte_ether.csv,Arg0
pte_alcohol.csv,Arg0,pte_alcohol.csv,Arg0
pte_alkyl_halide.csv,Arg0,pte_ketone.csv,Arg0
pte_alkyl_halide.csv,Arg0,pte_sulfide.csv,Arg0
pte_alkyl_halide.csv,Arg0,pte_non_ar_hetero_5_ring.csv,Arg0
pte_alkyl_halide.csv,Arg0,pte_non_ar_5c_ring.csv,Arg0
pte_alkyl_halide.csv,Arg0,pte_methyl.csv,Arg0
pte_alkyl_halide.csv,Arg0,pte_atm_count.csv,Arg0
pte_alkyl_halide.csv,Arg0,pte_imine.csv,Arg0
pte_alkyl_halide.csv,Arg0,pte_non_ar_6c_ring.csv,Arg0
pte_alkyl_halide.csv,Arg0,pte_testactive_Neg.csv,Arg0
pte_alkyl_halide.csv,Arg0,pte_atm_min_charge.csv,Arg0
pte_alkyl_halide.csv,Arg0,pte_ames.csv,Arg0
pte_alkyl_halide.csv,Arg0,pte_ester.csv,Arg0
pte_alkyl_halide.csv,Arg0,pte_bound_cnt.csv,Arg0
pte_alkyl_halide.csv,Arg0,pte_nitro.csv,Arg0
pte_alkyl_halide.csv,Arg0,pte_alcohol.csv,Arg0
pte_alkyl_halide.csv,Arg0,pte_mutagenic.csv,Arg0
pte_alkyl_halide.csv,Arg0,pte_non_ar_hetero_6_ring.csv,Arg0
pte_alkyl_halide.csv,Arg0,pte_postestactive_neg.csv,Arg0
pte_alkyl_halide.csv,Arg0,pte_ind.csv,Arg0
pte_alkyl_halide.csv,Arg0,pte_atm_max_charge.csv,Arg0
pte_alkyl_halide.csv,Arg0,pte_has_property.csv,Arg0
pte_alkyl_halide.csv,Arg0,pte_phenol.csv,Arg0
pte_alkyl_halide.csv,Arg0,pte_methoxy.csv,Arg0
pte_alkyl_halide.csv,Arg0,pte_sulfo.csv,Arg0
pte_alkyl_halide.csv,Arg0,pte_postestactive.csv,Arg0
pte_alkyl_halide.csv,Arg0,pte_active.csv,Arg0
pte_alkyl_halide.csv,Arg0,pte_testactive.csv,Arg0
pte_alkyl_halide.csv,Arg0,pte_six_ring.csv,Arg0
pte_alkyl_halide.csv,Arg0,pte_amine.csv,Arg0
pte_alkyl_halide.csv,Arg0,pte_five_ring.csv,Arg0
pte_alkyl_halide.csv,Arg0,pte_ether.csv,Arg0
pte_alkyl_halide.csv,Arg0,pte_alkyl_halide.csv,Arg0
pte_ames.csv,Arg0,pte_ketone.csv,Arg0
pte_ames.csv,Arg0,pte_sulfide.csv,Arg0
pte_ames.csv,Arg0,pte_non_ar_hetero_5_ring.csv,Arg0
pte_ames.csv,Arg0,pte_non_ar_5c_ring.csv,Arg0
pte_ames.csv,Arg0,pte_methyl.csv,Arg0
pte_ames.csv,Arg0,pte_atm_count.csv,Arg0
pte_ames.csv,Arg0,pte_imine.csv,Arg0
pte_ames.csv,Arg0,pte_non_ar_6c_ring.csv,Arg0
pte_ames.csv,Arg0,pte_testactive_Neg.csv,Arg0
pte_ames.csv,Arg0,pte_atm_min_charge.csv,Arg0
pte_ames.csv,Arg0,pte_ester.csv,Arg0
pte_ames.csv,Arg0,pte_bound_cnt.csv,Arg0
pte_ames.csv,Arg0,pte_nitro.csv,Arg0
pte_ames.csv,Arg0,pte_alkyl_halide.csv,Arg0
pte_ames.csv,Arg0,pte_alcohol.csv,Arg0
pte_ames.csv,Arg0,pte_mutagenic.csv,Arg0
pte_ames.csv,Arg0,pte_non_ar_hetero_6_ring.csv,Arg0
pte_ames.csv,Arg0,pte_postestactive_neg.csv,Arg0
pte_ames.csv,Arg0,pte_ind.csv,Arg0
pte_ames.csv,Arg0,pte_atm_max_charge.csv,Arg0
pte_ames.csv,Arg0,pte_has_property.csv,Arg0
pte_ames.csv,Arg0,pte_phenol.csv,Arg0
pte_ames.csv,Arg0,pte_methoxy.csv,Arg0
pte_ames.csv,Arg0,pte_sulfo.csv,Arg0
pte_ames.csv,Arg0,pte_postestactive.csv,Arg0
pte_ames.csv,Arg0,pte_active.csv,Arg0
pte_ames.csv,Arg0,pte_testactive.csv,Arg0
pte_ames.csv,Arg0,pte_six_ring.csv,Arg0
pte_ames.csv,Arg0,pte_amine.csv,Arg0
pte_ames.csv,Arg0,pte_five_ring.csv,Arg0
pte_ames.csv,Arg0,pte_ether.csv,Arg0
pte_ames.csv,Arg0,pte_ames.csv,Arg0
pte_amine.csv,Arg0,pte_ketone.csv,Arg0
pte_amine.csv,Arg0,pte_sulfide.csv,Arg0
pte_amine.csv,Arg0,pte_non_ar_hetero_5_ring.csv,Arg0
pte_amine.csv,Arg0,pte_non_ar_5c_ring.csv,Arg0
pte_amine.csv,Arg0,pte_methyl.csv,Arg0
pte_amine.csv,Arg0,pte_atm_count.csv,Arg0
pte_amine.csv,Arg0,pte_imine.csv,Arg0
pte_amine.csv,Arg0,pte_non_ar_6c_ring.csv,Arg0
pte_amine.csv,Arg0,pte_testactive_Neg.csv,Arg0
pte_amine.csv,Arg0,pte_atm_min_charge.csv,Arg0
pte_amine.csv,Arg0,pte_ames.csv,Arg0
pte_amine.csv,Arg0,pte_ester.csv,Arg0
pte_amine.csv,Arg0,pte_bound_cnt.csv,Arg0
pte_amine.csv,Arg0,pte_nitro.csv,Arg0
pte_amine.csv,Arg0,pte_alkyl_halide.csv,Arg0
pte_amine.csv,Arg0,pte_alcohol.csv,Arg0
pte_amine.csv,Arg0,pte_mutagenic.csv,Arg0
pte_amine.csv,Arg0,pte_non_ar_hetero_6_ring.csv,Arg0
pte_amine.csv,Arg0,pte_postestactive_neg.csv,Arg0
pte_amine.csv,Arg0,pte_ind.csv,Arg0
pte_amine.csv,Arg0,pte_atm_max_charge.csv,Arg0
pte_amine.csv,Arg0,pte_has_property.csv,Arg0
pte_amine.csv,Arg0,pte_phenol.csv,Arg0
pte_amine.csv,Arg0,pte_methoxy.csv,Arg0
pte_amine.csv,Arg0,pte_sulfo.csv,Arg0
pte_amine.csv,Arg0,pte_postestactive.csv,Arg0
pte_amine.csv,Arg0,pte_active.csv,Arg0
pte_amine.csv,Arg0,pte_testactive.csv,Arg0
pte_amine.csv,Arg0,pte_six_ring.csv,Arg0
pte_amine.csv,Arg0,pte_five_ring.csv,Arg0
pte_amine.csv,Arg0,pte_ether.csv,Arg0
pte_amine.csv,Arg0,pte_amine.csv,Arg0
pte_ester.csv,Arg0,pte_ketone.csv,Arg0
pte_ester.csv,Arg0,pte_sulfide.csv,Arg0
pte_ester.csv,Arg0,pte_non_ar_hetero_5_ring.csv,Arg0
pte_ester.csv,Arg0,pte_non_ar_5c_ring.csv,Arg0
pte_ester.csv,Arg0,pte_methyl.csv,Arg0
pte_ester.csv,Arg0,pte_atm_count.csv,Arg0
pte_ester.csv,Arg0,pte_imine.csv,Arg0
pte_ester.csv,Arg0,pte_non_ar_6c_ring.csv,Arg0
pte_ester.csv,Arg0,pte_testactive_Neg.csv,Arg0
pte_ester.csv,Arg0,pte_atm_min_charge.csv,Arg0
pte_ester.csv,Arg0,pte_ames.csv,Arg0
pte_ester.csv,Arg0,pte_bound_cnt.csv,Arg0
pte_ester.csv,Arg0,pte_nitro.csv,Arg0
pte_ester.csv,Arg0,pte_alkyl_halide.csv,Arg0
pte_ester.csv,Arg0,pte_alcohol.csv,Arg0
pte_ester.csv,Arg0,pte_mutagenic.csv,Arg0
pte_ester.csv,Arg0,pte_non_ar_hetero_6_ring.csv,Arg0
pte_ester.csv,Arg0,pte_postestactive_neg.csv,Arg0
pte_ester.csv,Arg0,pte_ind.csv,Arg0
pte_ester.csv,Arg0,pte_atm_max_charge.csv,Arg0
pte_ester.csv,Arg0,pte_has_property.csv,Arg0
pte_ester.csv,Arg0,pte_phenol.csv,Arg0
pte_ester.csv,Arg0,pte_methoxy.csv,Arg0
pte_ester.csv,Arg0,pte_sulfo.csv,Arg0
pte_ester.csv,Arg0,pte_postestactive.csv,Arg0
pte_ester.csv,Arg0,pte_active.csv,Arg0
pte_ester.csv,Arg0,pte_testactive.csv,Arg0
pte_ester.csv,Arg0,pte_six_ring.csv,Arg0
pte_ester.csv,Arg0,pte_amine.csv,Arg0
pte_ester.csv,Arg0,pte_five_ring.csv,Arg0
pte_ester.csv,Arg0,pte_ether.csv,Arg0
pte_ester.csv,Arg0,pte_ester.csv,Arg0
pte_five_ring.csv,Arg0,pte_ketone.csv,Arg0
pte_five_ring.csv,Arg0,pte_sulfide.csv,Arg0
pte_five_ring.csv,Arg0,pte_non_ar_hetero_5_ring.csv,Arg0
pte_five_ring.csv,Arg0,pte_non_ar_5c_ring.csv,Arg0
pte_five_ring.csv,Arg0,pte_methyl.csv,Arg0
pte_five_ring.csv,Arg0,pte_atm_count.csv,Arg0
pte_five_ring.csv,Arg0,pte_imine.csv,Arg0
pte_five_ring.csv,Arg0,pte_non_ar_6c_ring.csv,Arg0
pte_five_ring.csv,Arg0,pte_testactive_Neg.csv,Arg0
pte_five_ring.csv,Arg0,pte_atm_min_charge.csv,Arg0
pte_five_ring.csv,Arg0,pte_ames.csv,Arg0
pte_five_ring.csv,Arg0,pte_ester.csv,Arg0
pte_five_ring.csv,Arg0,pte_bound_cnt.csv,Arg0
pte_five_ring.csv,Arg0,pte_nitro.csv,Arg0
pte_five_ring.csv,Arg0,pte_alkyl_halide.csv,Arg0
pte_five_ring.csv,Arg0,pte_alcohol.csv,Arg0
pte_five_ring.csv,Arg0,pte_mutagenic.csv,Arg0
pte_five_ring.csv,Arg0,pte_non_ar_hetero_6_ring.csv,Arg0
pte_five_ring.csv,Arg0,pte_postestactive_neg.csv,Arg0
pte_five_ring.csv,Arg0,pte_ind.csv,Arg0
pte_five_ring.csv,Arg0,pte_atm_max_charge.csv,Arg0
pte_five_ring.csv,Arg0,pte_has_property.csv,Arg0
pte_five_ring.csv,Arg0,pte_phenol.csv,Arg0
pte_five_ring.csv,Arg0,pte_methoxy.csv,Arg0
pte_five_ring.csv,Arg0,pte_sulfo.csv,Arg0
pte_five_ring.csv,Arg0,pte_postestactive.csv,Arg0
pte_five_ring.csv,Arg0,pte_active.csv,Arg0
pte_five_ring.csv,Arg0,pte_testactive.csv,Arg0
pte_five_ring.csv,Arg0,pte_six_ring.csv,Arg0
pte_five_ring.csv,Arg0,pte_amine.csv,Arg0
pte_five_ring.csv,Arg0,pte_ether.csv,Arg0
pte_five_ring.csv,Arg0,pte_five_ring.csv,Arg0
pte_has_property.csv,Arg0,pte_ketone.csv,Arg0
pte_has_property.csv,Arg0,pte_sulfide.csv,Arg0
pte_has_property.csv,Arg0,pte_non_ar_hetero_5_ring.csv,Arg0
pte_has_property.csv,Arg0,pte_non_ar_5c_ring.csv,Arg0
pte_has_property.csv,Arg0,pte_methyl.csv,Arg0
pte_has_property.csv,Arg0,pte_atm_count.csv,Arg0
pte_has_property.csv,Arg0,pte_imine.csv,Arg0
pte_has_property.csv,Arg0,pte_non_ar_6c_ring.csv,Arg0
pte_has_property.csv,Arg0,pte_testactive_Neg.csv,Arg0
pte_has_property.csv,Arg0,pte_atm_min_charge.csv,Arg0
pte_has_property.csv,Arg0,pte_ames.csv,Arg0
pte_has_property.csv,Arg0,pte_ester.csv,Arg0
pte_has_property.csv,Arg0,pte_bound_cnt.csv,Arg0
pte_has_property.csv,Arg0,pte_nitro.csv,Arg0
pte_has_property.csv,Arg0,pte_alkyl_halide.csv,Arg0
pte_has_property.csv,Arg0,pte_alcohol.csv,Arg0
pte_has_property.csv,Arg0,pte_mutagenic.csv,Arg0
pte_has_property.csv,Arg0,pte_non_ar_hetero_6_ring.csv,Arg0
pte_has_property.csv,Arg0,pte_postestactive_neg.csv,Arg0
pte_has_property.csv,Arg0,pte_ind.csv,Arg0
pte_has_property.csv,Arg0,pte_atm_max_charge.csv,Arg0
pte_has_property.csv,Arg0,pte_phenol.csv,Arg0
pte_has_property.csv,Arg0,pte_methoxy.csv,Arg0
pte_has_property.csv,Arg0,pte_sulfo.csv,Arg0
pte_has_property.csv,Arg0,pte_postestactive.csv,Arg0
pte_has_property.csv,Arg0,pte_active.csv,Arg0
pte_has_property.csv,Arg0,pte_testactive.csv,Arg0
pte_has_property.csv,Arg0,pte_six_ring.csv,Arg0
pte_has_property.csv,Arg0,pte_amine.csv,Arg0
pte_has_property.csv,Arg0,pte_five_ring.csv,Arg0
pte_has_property.csv,Arg0,pte_ether.csv,Arg0
pte_has_property.csv,Arg0,pte_has_property.csv,Arg0
pte_imine.csv,Arg0,pte_ketone.csv,Arg0
pte_imine.csv,Arg0,pte_sulfide.csv,Arg0
pte_imine.csv,Arg0,pte_non_ar_hetero_5_ring.csv,Arg0
pte_imine.csv,Arg0,pte_non_ar_5c_ring.csv,Arg0
pte_imine.csv,Arg0,pte_methyl.csv,Arg0
pte_imine.csv,Arg0,pte_atm_count.csv,Arg0
pte_imine.csv,Arg0,pte_non_ar_6c_ring.csv,Arg0
pte_imine.csv,Arg0,pte_testactive_Neg.csv,Arg0
pte_imine.csv,Arg0,pte_atm_min_charge.csv,Arg0
pte_imine.csv,Arg0,pte_ames.csv,Arg0
pte_imine.csv,Arg0,pte_ester.csv,Arg0
pte_imine.csv,Arg0,pte_bound_cnt.csv,Arg0
pte_imine.csv,Arg0,pte_nitro.csv,Arg0
pte_imine.csv,Arg0,pte_alkyl_halide.csv,Arg0
pte_imine.csv,Arg0,pte_alcohol.csv,Arg0
pte_imine.csv,Arg0,pte_mutagenic.csv,Arg0
pte_imine.csv,Arg0,pte_non_ar_hetero_6_ring.csv,Arg0
pte_imine.csv,Arg0,pte_postestactive_neg.csv,Arg0
pte_imine.csv,Arg0,pte_ind.csv,Arg0
pte_imine.csv,Arg0,pte_atm_max_charge.csv,Arg0
pte_imine.csv,Arg0,pte_has_property.csv,Arg0
pte_imine.csv,Arg0,pte_phenol.csv,Arg0
pte_imine.csv,Arg0,pte_methoxy.csv,Arg0
pte_imine.csv,Arg0,pte_sulfo.csv,Arg0
pte_imine.csv,Arg0,pte_postestactive.csv,Arg0
pte_imine.csv,Arg0,pte_active.csv,Arg0
pte_imine.csv,Arg0,pte_testactive.csv,Arg0
pte_imine.csv,Arg0,pte_six_ring.csv,Arg0
pte_imine.csv,Arg0,pte_amine.csv,Arg0
pte_imine.csv,Arg0,pte_five_ring.csv,Arg0
pte_imine.csv,Arg0,pte_ether.csv,Arg0
pte_imine.csv,Arg0,pte_imine.csv,Arg0
pte_ketone.csv,Arg0,pte_sulfide.csv,Arg0
pte_ketone.csv,Arg0,pte_non_ar_hetero_5_ring.csv,Arg0
pte_ketone.csv,Arg0,pte_non_ar_5c_ring.csv,Arg0
pte_ketone.csv,Arg0,pte_methyl.csv,Arg0
pte_ketone.csv,Arg0,pte_atm_count.csv,Arg0
pte_ketone.csv,Arg0,pte_imine.csv,Arg0
pte_ketone.csv,Arg0,pte_non_ar_6c_ring.csv,Arg0
pte_ketone.csv,Arg0,pte_testactive_Neg.csv,Arg0
pte_ketone.csv,Arg0,pte_atm_min_charge.csv,Arg0
pte_ketone.csv,Arg0,pte_ames.csv,Arg0
pte_ketone.csv,Arg0,pte_ester.csv,Arg0
pte_ketone.csv,Arg0,pte_bound_cnt.csv,Arg0
pte_ketone.csv,Arg0,pte_nitro.csv,Arg0
pte_ketone.csv,Arg0,pte_alkyl_halide.csv,Arg0
pte_ketone.csv,Arg0,pte_alcohol.csv,Arg0
pte_ketone.csv,Arg0,pte_mutagenic.csv,Arg0
pte_ketone.csv,Arg0,pte_non_ar_hetero_6_ring.csv,Arg0
pte_ketone.csv,Arg0,pte_postestactive_neg.csv,Arg0
pte_ketone.csv,Arg0,pte_ind.csv,Arg0
pte_ketone.csv,Arg0,pte_atm_max_charge.csv,Arg0
pte_ketone.csv,Arg0,pte_has_property.csv,Arg0
pte_ketone.csv,Arg0,pte_phenol.csv,Arg0
pte_ketone.csv,Arg0,pte_methoxy.csv,Arg0
pte_ketone.csv,Arg0,pte_sulfo.csv,Arg0
pte_ketone.csv,Arg0,pte_postestactive.csv,Arg0
pte_ketone.csv,Arg0,pte_active.csv,Arg0
pte_ketone.csv,Arg0,pte_testactive.csv,Arg0
pte_ketone.csv,Arg0,pte_six_ring.csv,Arg0
pte_ketone.csv,Arg0,pte_amine.csv,Arg0
pte_ketone.csv,Arg0,pte_five_ring.csv,Arg0
pte_ketone.csv,Arg0,pte_ether.csv,Arg0
pte_ketone.csv,Arg0,pte_ketone.csv,Arg0
pte_methoxy.csv,Arg0,pte_ketone.csv,Arg0
pte_methoxy.csv,Arg0,pte_sulfide.csv,Arg0
pte_methoxy.csv,Arg0,pte_non_ar_hetero_5_ring.csv,Arg0
pte_methoxy.csv,Arg0,pte_non_ar_5c_ring.csv,Arg0
pte_methoxy.csv,Arg0,pte_methyl.csv,Arg0
pte_methoxy.csv,Arg0,pte_atm_count.csv,Arg0
pte_methoxy.csv,Arg0,pte_imine.csv,Arg0
pte_methoxy.csv,Arg0,pte_non_ar_6c_ring.csv,Arg0
pte_methoxy.csv,Arg0,pte_testactive_Neg.csv,Arg0
pte_methoxy.csv,Arg0,pte_atm_min_charge.csv,Arg0
pte_methoxy.csv,Arg0,pte_ames.csv,Arg0
pte_methoxy.csv,Arg0,pte_ester.csv,Arg0
pte_methoxy.csv,Arg0,pte_bound_cnt.csv,Arg0
pte_methoxy.csv,Arg0,pte_nitro.csv,Arg0
pte_methoxy.csv,Arg0,pte_alkyl_halide.csv,Arg0
pte_methoxy.csv,Arg0,pte_alcohol.csv,Arg0
pte_methoxy.csv,Arg0,pte_mutagenic.csv,Arg0
pte_methoxy.csv,Arg0,pte_non_ar_hetero_6_ring.csv,Arg0
pte_methoxy.csv,Arg0,pte_postestactive_neg.csv,Arg0
pte_methoxy.csv,Arg0,pte_ind.csv,Arg0
pte_methoxy.csv,Arg0,pte_atm_max_charge.csv,Arg0
pte_methoxy.csv,Arg0,pte_has_property.csv,Arg0
pte_methoxy.csv,Arg0,pte_phenol.csv,Arg0
pte_methoxy.csv,Arg0,pte_sulfo.csv,Arg0
pte_methoxy.csv,Arg0,pte_postestactive.csv,Arg0
pte_methoxy.csv,Arg0,pte_active.csv,Arg0
pte_methoxy.csv,Arg0,pte_testactive.csv,Arg0
pte_methoxy.csv,Arg0,pte_six_ring.csv,Arg0
pte_methoxy.csv,Arg0,pte_amine.csv,Arg0
pte_methoxy.csv,Arg0,pte_five_ring.csv,Arg0
pte_methoxy.csv,Arg0,pte_ether.csv,Arg0
pte_methoxy.csv,Arg0,pte_methoxy.csv,Arg0
pte_nitro.csv,Arg0,pte_ketone.csv,Arg0
pte_nitro.csv,Arg0,pte_sulfide.csv,Arg0
pte_nitro.csv,Arg0,pte_non_ar_hetero_5_ring.csv,Arg0
pte_nitro.csv,Arg0,pte_non_ar_5c_ring.csv,Arg0
pte_nitro.csv,Arg0,pte_methyl.csv,Arg0
pte_nitro.csv,Arg0,pte_atm_count.csv,Arg0
pte_nitro.csv,Arg0,pte_imine.csv,Arg0
pte_nitro.csv,Arg0,pte_non_ar_6c_ring.csv,Arg0
pte_nitro.csv,Arg0,pte_testactive_Neg.csv,Arg0
pte_nitro.csv,Arg0,pte_atm_min_charge.csv,Arg0
pte_nitro.csv,Arg0,pte_ames.csv,Arg0
pte_nitro.csv,Arg0,pte_ester.csv,Arg0
pte_nitro.csv,Arg0,pte_bound_cnt.csv,Arg0
pte_nitro.csv,Arg0,pte_alkyl_halide.csv,Arg0
pte_nitro.csv,Arg0,pte_alcohol.csv,Arg0
pte_nitro.csv,Arg0,pte_mutagenic.csv,Arg0
pte_nitro.csv,Arg0,pte_non_ar_hetero_6_ring.csv,Arg0
pte_nitro.csv,Arg0,pte_postestactive_neg.csv,Arg0
pte_nitro.csv,Arg0,pte_ind.csv,Arg0
pte_nitro.csv,Arg0,pte_atm_max_charge.csv,Arg0
pte_nitro.csv,Arg0,pte_has_property.csv,Arg0
pte_nitro.csv,Arg0,pte_phenol.csv,Arg0
pte_nitro.csv,Arg0,pte_methoxy.csv,Arg0
pte_nitro.csv,Arg0,pte_sulfo.csv,Arg0
pte_nitro.csv,Arg0,pte_postestactive.csv,Arg0
pte_nitro.csv,Arg0,pte_active.csv,Arg0
pte_nitro.csv,Arg0,pte_testactive.csv,Arg0
pte_nitro.csv,Arg0,pte_six_ring.csv,Arg0
pte_nitro.csv,Arg0,pte_amine.csv,Arg0
pte_nitro.csv,Arg0,pte_five_ring.csv,Arg0
pte_nitro.csv,Arg0,pte_ether.csv,Arg0
pte_nitro.csv,Arg0,pte_nitro.csv,Arg0
pte_non_ar_5c_ring.csv,Arg0,pte_ketone.csv,Arg0
pte_non_ar_5c_ring.csv,Arg0,pte_sulfide.csv,Arg0
pte_non_ar_5c_ring.csv,Arg0,pte_non_ar_hetero_5_ring.csv,Arg0
pte_non_ar_5c_ring.csv,Arg0,pte_methyl.csv,Arg0
pte_non_ar_5c_ring.csv,Arg0,pte_atm_count.csv,Arg0
pte_non_ar_5c_ring.csv,Arg0,pte_imine.csv,Arg0
pte_non_ar_5c_ring.csv,Arg0,pte_non_ar_6c_ring.csv,Arg0
pte_non_ar_5c_ring.csv,Arg0,pte_testactive_Neg.csv,Arg0
pte_non_ar_5c_ring.csv,Arg0,pte_atm_min_charge.csv,Arg0
pte_non_ar_5c_ring.csv,Arg0,pte_ames.csv,Arg0
pte_non_ar_5c_ring.csv,Arg0,pte_ester.csv,Arg0
pte_non_ar_5c_ring.csv,Arg0,pte_bound_cnt.csv,Arg0
pte_non_ar_5c_ring.csv,Arg0,pte_nitro.csv,Arg0
pte_non_ar_5c_ring.csv,Arg0,pte_alkyl_halide.csv,Arg0
pte_non_ar_5c_ring.csv,Arg0,pte_alcohol.csv,Arg0
pte_non_ar_5c_ring.csv,Arg0,pte_mutagenic.csv,Arg0
pte_non_ar_5c_ring.csv,Arg0,pte_non_ar_hetero_6_ring.csv,Arg0
pte_non_ar_5c_ring.csv,Arg0,pte_postestactive_neg.csv,Arg0
pte_non_ar_5c_ring.csv,Arg0,pte_ind.csv,Arg0
pte_non_ar_5c_ring.csv,Arg0,pte_atm_max_charge.csv,Arg0
pte_non_ar_5c_ring.csv,Arg0,pte_has_property.csv,Arg0
pte_non_ar_5c_ring.csv,Arg0,pte_phenol.csv,Arg0
pte_non_ar_5c_ring.csv,Arg0,pte_methoxy.csv,Arg0
pte_non_ar_5c_ring.csv,Arg0,pte_sulfo.csv,Arg0
pte_non_ar_5c_ring.csv,Arg0,pte_postestactive.csv,Arg0
pte_non_ar_5c_ring.csv,Arg0,pte_active.csv,Arg0
pte_non_ar_5c_ring.csv,Arg0,pte_testactive.csv,Arg0
pte_non_ar_5c_ring.csv,Arg0,pte_six_ring.csv,Arg0
pte_non_ar_5c_ring.csv,Arg0,pte_amine.csv,Arg0
pte_non_ar_5c_ring.csv,Arg0,pte_five_ring.csv,Arg0
pte_non_ar_5c_ring.csv,Arg0,pte_ether.csv,Arg0
pte_non_ar_5c_ring.csv,Arg0,pte_non_ar_5c_ring.csv,Arg0
pte_non_ar_hetero_5_ring.csv,Arg0,pte_ketone.csv,Arg0
pte_non_ar_hetero_5_ring.csv,Arg0,pte_sulfide.csv,Arg0
pte_non_ar_hetero_5_ring.csv,Arg0,pte_non_ar_5c_ring.csv,Arg0
pte_non_ar_hetero_5_ring.csv,Arg0,pte_methyl.csv,Arg0
pte_non_ar_hetero_5_ring.csv,Arg0,pte_atm_count.csv,Arg0
pte_non_ar_hetero_5_ring.csv,Arg0,pte_imine.csv,Arg0
pte_non_ar_hetero_5_ring.csv,Arg0,pte_non_ar_6c_ring.csv,Arg0
pte_non_ar_hetero_5_ring.csv,Arg0,pte_testactive_Neg.csv,Arg0
pte_non_ar_hetero_5_ring.csv,Arg0,pte_atm_min_charge.csv,Arg0
pte_non_ar_hetero_5_ring.csv,Arg0,pte_ames.csv,Arg0
pte_non_ar_hetero_5_ring.csv,Arg0,pte_ester.csv,Arg0
pte_non_ar_hetero_5_ring.csv,Arg0,pte_bound_cnt.csv,Arg0
pte_non_ar_hetero_5_ring.csv,Arg0,pte_nitro.csv,Arg0
pte_non_ar_hetero_5_ring.csv,Arg0,pte_alkyl_halide.csv,Arg0
pte_non_ar_hetero_5_ring.csv,Arg0,pte_alcohol.csv,Arg0
pte_non_ar_hetero_5_ring.csv,Arg0,pte_mutagenic.csv,Arg0
pte_non_ar_hetero_5_ring.csv,Arg0,pte_non_ar_hetero_6_ring.csv,Arg0
pte_non_ar_hetero_5_ring.csv,Arg0,pte_postestactive_neg.csv,Arg0
pte_non_ar_hetero_5_ring.csv,Arg0,pte_ind.csv,Arg0
pte_non_ar_hetero_5_ring.csv,Arg0,pte_atm_max_charge.csv,Arg0
pte_non_ar_hetero_5_ring.csv,Arg0,pte_has_property.csv,Arg0
pte_non_ar_hetero_5_ring.csv,Arg0,pte_phenol.csv,Arg0
pte_non_ar_hetero_5_ring.csv,Arg0,pte_methoxy.csv,Arg0
pte_non_ar_hetero_5_ring.csv,Arg0,pte_sulfo.csv,Arg0
pte_non_ar_hetero_5_ring.csv,Arg0,pte_postestactive.csv,Arg0
pte_non_ar_hetero_5_ring.csv,Arg0,pte_active.csv,Arg0
pte_non_ar_hetero_5_ring.csv,Arg0,pte_testactive.csv,Arg0
pte_non_ar_hetero_5_ring.csv,Arg0,pte_six_ring.csv,Arg0
pte_non_ar_hetero_5_ring.csv,Arg0,pte_amine.csv,Arg0
pte_non_ar_hetero_5_ring.csv,Arg0,pte_five_ring.csv,Arg0
pte_non_ar_hetero_5_ring.csv,Arg0,pte_ether.csv,Arg0
pte_non_ar_hetero_5_ring.csv,Arg0,pte_non_ar_hetero_5_ring.csv,Arg0
pte_non_ar_hetero_6_ring.csv,Arg0,pte_ketone.csv,Arg0
pte_non_ar_hetero_6_ring.csv,Arg0,pte_sulfide.csv,Arg0
pte_non_ar_hetero_6_ring.csv,Arg0,pte_non_ar_hetero_5_ring.csv,Arg0
pte_non_ar_hetero_6_ring.csv,Arg0,pte_non_ar_5c_ring.csv,Arg0
pte_non_ar_hetero_6_ring.csv,Arg0,pte_methyl.csv,Arg0
pte_non_ar_hetero_6_ring.csv,Arg0,pte_atm_count.csv,Arg0
pte_non_ar_hetero_6_ring.csv,Arg0,pte_imine.csv,Arg0
pte_non_ar_hetero_6_ring.csv,Arg0,pte_non_ar_6c_ring.csv,Arg0
pte_non_ar_hetero_6_ring.csv,Arg0,pte_testactive_Neg.csv,Arg0
pte_non_ar_hetero_6_ring.csv,Arg0,pte_atm_min_charge.csv,Arg0
pte_non_ar_hetero_6_ring.csv,Arg0,pte_ames.csv,Arg0
pte_non_ar_hetero_6_ring.csv,Arg0,pte_ester.csv,Arg0
pte_non_ar_hetero_6_ring.csv,Arg0,pte_bound_cnt.csv,Arg0
pte_non_ar_hetero_6_ring.csv,Arg0,pte_nitro.csv,Arg0
pte_non_ar_hetero_6_ring.csv,Arg0,pte_alkyl_halide.csv,Arg0
pte_non_ar_hetero_6_ring.csv,Arg0,pte_alcohol.csv,Arg0
pte_non_ar_hetero_6_ring.csv,Arg0,pte_mutagenic.csv,Arg0
pte_non_ar_hetero_6_ring.csv,Arg0,pte_postestactive_neg.csv,Arg0
pte_non_ar_hetero_6_ring.csv,Arg0,pte_ind.csv,Arg0
pte_non_ar_hetero_6_ring.csv,Arg0,pte_atm_max_charge.csv,Arg0
pte_non_ar_hetero_6_ring.csv,Arg0,pte_has_property.csv,Arg0
pte_non_ar_hetero_6_ring.csv,Arg0,pte_phenol.csv,Arg0
pte_non_ar_hetero_6_ring.csv,Arg0,pte_methoxy.csv,Arg0
pte_non_ar_hetero_6_ring.csv,Arg0,pte_sulfo.csv,Arg0
pte_non_ar_hetero_6_ring.csv,Arg0,pte_postestactive.csv,Arg0
pte_non_ar_hetero_6_ring.csv,Arg0,pte_active.csv,Arg0
pte_non_ar_hetero_6_ring.csv,Arg0,pte_testactive.csv,Arg0
pte_non_ar_hetero_6_ring.csv,Arg0,pte_six_ring.csv,Arg0
pte_non_ar_hetero_6_ring.csv,Arg0,pte_amine.csv,Arg0
pte_non_ar_hetero_6_ring.csv,Arg0,pte_five_ring.csv,Arg0
pte_non_ar_hetero_6_ring.csv,Arg0,pte_ether.csv,Arg0
pte_non_ar_hetero_6_ring.csv,Arg0,pte_non_ar_hetero_6_ring.csv,Arg0
pte_phenol.csv,Arg0,pte_ketone.csv,Arg0
pte_phenol.csv,Arg0,pte_sulfide.csv,Arg0
pte_phenol.csv,Arg0,pte_non_ar_hetero_5_ring.csv,Arg0
pte_phenol.csv,Arg0,pte_non_ar_5c_ring.csv,Arg0
pte_phenol.csv,Arg0,pte_methyl.csv,Arg0
pte_phenol.csv,Arg0,pte_atm_count.csv,Arg0
pte_phenol.csv,Arg0,pte_imine.csv,Arg0
pte_phenol.csv,Arg0,pte_non_ar_6c_ring.csv,Arg0
pte_phenol.csv,Arg0,pte_testactive_Neg.csv,Arg0
pte_phenol.csv,Arg0,pte_atm_min_charge.csv,Arg0
pte_phenol.csv,Arg0,pte_ames.csv,Arg0
pte_phenol.csv,Arg0,pte_ester.csv,Arg0
pte_phenol.csv,Arg0,pte_bound_cnt.csv,Arg0
pte_phenol.csv,Arg0,pte_nitro.csv,Arg0
pte_phenol.csv,Arg0,pte_alkyl_halide.csv,Arg0
pte_phenol.csv,Arg0,pte_alcohol.csv,Arg0
pte_phenol.csv,Arg0,pte_mutagenic.csv,Arg0
pte_phenol.csv,Arg0,pte_non_ar_hetero_6_ring.csv,Arg0
pte_phenol.csv,Arg0,pte_postestactive_neg.csv,Arg0
pte_phenol.csv,Arg0,pte_ind.csv,Arg0
pte_phenol.csv,Arg0,pte_atm_max_charge.csv,Arg0
pte_phenol.csv,Arg0,pte_has_property.csv,Arg0
pte_phenol.csv,Arg0,pte_methoxy.csv,Arg0
pte_phenol.csv,Arg0,pte_sulfo.csv,Arg0
pte_phenol.csv,Arg0,pte_postestactive.csv,Arg0
pte_phenol.csv,Arg0,pte_active.csv,Arg0
pte_phenol.csv,Arg0,pte_testactive.csv,Arg0
pte_phenol.csv,Arg0,pte_six_ring.csv,Arg0
pte_phenol.csv,Arg0,pte_amine.csv,Arg0
pte_phenol.csv,Arg0,pte_five_ring.csv,Arg0
pte_phenol.csv,Arg0,pte_ether.csv,Arg0
pte_phenol.csv,Arg0,pte_phenol.csv,Arg0
pte_postestactive.csv,Arg0,pte_ketone.csv,Arg0
pte_postestactive.csv,Arg0,pte_sulfide.csv,Arg0
pte_postestactive.csv,Arg0,pte_non_ar_hetero_5_ring.csv,Arg0
pte_postestactive.csv,Arg0,pte_non_ar_5c_ring.csv,Arg0
pte_postestactive.csv,Arg0,pte_methyl.csv,Arg0
pte_postestactive.csv,Arg0,pte_atm_count.csv,Arg0
pte_postestactive.csv,Arg0,pte_imine.csv,Arg0
pte_postestactive.csv,Arg0,pte_non_ar_6c_ring.csv,Arg0
pte_postestactive.csv,Arg0,pte_testactive_Neg.csv,Arg0
pte_postestactive.csv,Arg0,pte_atm_min_charge.csv,Arg0
pte_postestactive.csv,Arg0,pte_ames.csv,Arg0
pte_postestactive.csv,Arg0,pte_ester.csv,Arg0
pte_postestactive.csv,Arg0,pte_bound_cnt.csv,Arg0
pte_postestactive.csv,Arg0,pte_nitro.csv,Arg0
pte_postestactive.csv,Arg0,pte_alkyl_halide.csv,Arg0
pte_postestactive.csv,Arg0,pte_alcohol.csv,Arg0
pte_postestactive.csv,Arg0,pte_mutagenic.csv,Arg0
pte_postestactive.csv,Arg0,pte_non_ar_hetero_6_ring.csv,Arg0
pte_postestactive.csv,Arg0,pte_postestactive_neg.csv,Arg0
pte_postestactive.csv,Arg0,pte_ind.csv,Arg0
pte_postestactive.csv,Arg0,pte_atm_max_charge.csv,Arg0
pte_postestactive.csv,Arg0,pte_has_property.csv,Arg0
pte_postestactive.csv,Arg0,pte_phenol.csv,Arg0
pte_postestactive.csv,Arg0,pte_methoxy.csv,Arg0
pte_postestactive.csv,Arg0,pte_sulfo.csv,Arg0
pte_postestactive.csv,Arg0,pte_active.csv,Arg0
pte_postestactive.csv,Arg0,pte_testactive.csv,Arg0
pte_postestactive.csv,Arg0,pte_six_ring.csv,Arg0
pte_postestactive.csv,Arg0,pte_amine.csv,Arg0
pte_postestactive.csv,Arg0,pte_five_ring.csv,Arg0
pte_postestactive.csv,Arg0,pte_ether.csv,Arg0
pte_postestactive.csv,Arg0,pte_postestactive.csv,Arg0
pte_postestactive_neg.csv,Arg0,pte_ketone.csv,Arg0
pte_postestactive_neg.csv,Arg0,pte_sulfide.csv,Arg0
pte_postestactive_neg.csv,Arg0,pte_non_ar_hetero_5_ring.csv,Arg0
pte_postestactive_neg.csv,Arg0,pte_non_ar_5c_ring.csv,Arg0
pte_postestactive_neg.csv,Arg0,pte_methyl.csv,Arg0
pte_postestactive_neg.csv,Arg0,pte_atm_count.csv,Arg0
pte_postestactive_neg.csv,Arg0,pte_imine.csv,Arg0
pte_postestactive_neg.csv,Arg0,pte_non_ar_6c_ring.csv,Arg0
pte_postestactive_neg.csv,Arg0,pte_testactive_Neg.csv,Arg0
pte_postestactive_neg.csv,Arg0,pte_atm_min_charge.csv,Arg0
pte_postestactive_neg.csv,Arg0,pte_ames.csv,Arg0
pte_postestactive_neg.csv,Arg0,pte_ester.csv,Arg0
pte_postestactive_neg.csv,Arg0,pte_bound_cnt.csv,Arg0
pte_postestactive_neg.csv,Arg0,pte_nitro.csv,Arg0
pte_postestactive_neg.csv,Arg0,pte_alkyl_halide.csv,Arg0
pte_postestactive_neg.csv,Arg0,pte_alcohol.csv,Arg0
pte_postestactive_neg.csv,Arg0,pte_mutagenic.csv,Arg0
pte_postestactive_neg.csv,Arg0,pte_non_ar_hetero_6_ring.csv,Arg0
pte_postestactive_neg.csv,Arg0,pte_ind.csv,Arg0
pte_postestactive_neg.csv,Arg0,pte_atm_max_charge.csv,Arg0
pte_postestactive_neg.csv,Arg0,pte_has_property.csv,Arg0
pte_postestactive_neg.csv,Arg0,pte_phenol.csv,Arg0
pte_postestactive_neg.csv,Arg0,pte_methoxy.csv,Arg0
pte_postestactive_neg.csv,Arg0,pte_sulfo.csv,Arg0
pte_postestactive_neg.csv,Arg0,pte_postestactive.csv,Arg0
pte_postestactive_neg.csv,Arg0,pte_active.csv,Arg0
pte_postestactive_neg.csv,Arg0,pte_testactive.csv,Arg0
pte_postestactive_neg.csv,Arg0,pte_six_ring.csv,Arg0
pte_postestactive_neg.csv,Arg0,pte_amine.csv,Arg0
pte_postestactive_neg.csv,Arg0,pte_five_ring.csv,Arg0
pte_postestactive_neg.csv,Arg0,pte_ether.csv,Arg0
pte_postestactive_neg.csv,Arg0,pte_postestactive_neg.csv,Arg0
pte_sulfide.csv,Arg0,pte_ketone.csv,Arg0
pte_sulfide.csv,Arg0,pte_non_ar_hetero_5_ring.csv,Arg0
pte_sulfide.csv,Arg0,pte_non_ar_5c_ring.csv,Arg0
pte_sulfide.csv,Arg0,pte_methyl.csv,Arg0
pte_sulfide.csv,Arg0,pte_atm_count.csv,Arg0
pte_sulfide.csv,Arg0,pte_imine.csv,Arg0
pte_sulfide.csv,Arg0,pte_non_ar_6c_ring.csv,Arg0
pte_sulfide.csv,Arg0,pte_testactive_Neg.csv,Arg0
pte_sulfide.csv,Arg0,pte_atm_min_charge.csv,Arg0
pte_sulfide.csv,Arg0,pte_ames.csv,Arg0
pte_sulfide.csv,Arg0,pte_ester.csv,Arg0
pte_sulfide.csv,Arg0,pte_bound_cnt.csv,Arg0
pte_sulfide.csv,Arg0,pte_nitro.csv,Arg0
pte_sulfide.csv,Arg0,pte_alkyl_halide.csv,Arg0
pte_sulfide.csv,Arg0,pte_alcohol.csv,Arg0
pte_sulfide.csv,Arg0,pte_mutagenic.csv,Arg0
pte_sulfide.csv,Arg0,pte_non_ar_hetero_6_ring.csv,Arg0
pte_sulfide.csv,Arg0,pte_postestactive_neg.csv,Arg0
pte_sulfide.csv,Arg0,pte_ind.csv,Arg0
pte_sulfide.csv,Arg0,pte_atm_max_charge.csv,Arg0
pte_sulfide.csv,Arg0,pte_has_property.csv,Arg0
pte_sulfide.csv,Arg0,pte_phenol.csv,Arg0
pte_sulfide.csv,Arg0,pte_methoxy.csv,Arg0
pte_sulfide.csv,Arg0,pte_sulfo.csv,Arg0
pte_sulfide.csv,Arg0,pte_postestactive.csv,Arg0
pte_sulfide.csv,Arg0,pte_active.csv,Arg0
pte_sulfide.csv,Arg0,pte_testactive.csv,Arg0
pte_sulfide.csv,Arg0,pte_six_ring.csv,Arg0
pte_sulfide.csv,Arg0,pte_amine.csv,Arg0
pte_sulfide.csv,Arg0,pte_five_ring.csv,Arg0
pte_sulfide.csv,Arg0,pte_ether.csv,Arg0
pte_sulfide.csv,Arg0,pte_sulfide.csv,Arg0
pte_testactive.csv,Arg0,pte_ketone.csv,Arg0
pte_testactive.csv,Arg0,pte_sulfide.csv,Arg0
pte_testactive.csv,Arg0,pte_non_ar_hetero_5_ring.csv,Arg0
pte_testactive.csv,Arg0,pte_non_ar_5c_ring.csv,Arg0
pte_testactive.csv,Arg0,pte_methyl.csv,Arg0
pte_testactive.csv,Arg0,pte_atm_count.csv,Arg0
pte_testactive.csv,Arg0,pte_imine.csv,Arg0
pte_testactive.csv,Arg0,pte_non_ar_6c_ring.csv,Arg0
pte_testactive.csv,Arg0,pte_testactive_Neg.csv,Arg0
pte_testactive.csv,Arg0,pte_atm_min_charge.csv,Arg0
pte_testactive.csv,Arg0,pte_ames.csv,Arg0
pte_testactive.csv,Arg0,pte_ester.csv,Arg0
pte_testactive.csv,Arg0,pte_bound_cnt.csv,Arg0
pte_testactive.csv,Arg0,pte_nitro.csv,Arg0
pte_testactive.csv,Arg0,pte_alkyl_halide.csv,Arg0
pte_testactive.csv,Arg0,pte_alcohol.csv,Arg0
pte_testactive.csv,Arg0,pte_mutagenic.csv,Arg0
pte_testactive.csv,Arg0,pte_non_ar_hetero_6_ring.csv,Arg0
pte_testactive.csv,Arg0,pte_postestactive_neg.csv,Arg0
pte_testactive.csv,Arg0,pte_ind.csv,Arg0
pte_testactive.csv,Arg0,pte_atm_max_charge.csv,Arg0
pte_testactive.csv,Arg0,pte_has_property.csv,Arg0
pte_testactive.csv,Arg0,pte_phenol.csv,Arg0
pte_testactive.csv,Arg0,pte_methoxy.csv,Arg0
pte_testactive.csv,Arg0,pte_sulfo.csv,Arg0
pte_testactive.csv,Arg0,pte_postestactive.csv,Arg0
pte_testactive.csv,Arg0,pte_active.csv,Arg0
pte_testactive.csv,Arg0,pte_six_ring.csv,Arg0
pte_testactive.csv,Arg0,pte_amine.csv,Arg0
pte_testactive.csv,Arg0,pte_five_ring.csv,Arg0
pte_testactive.csv,Arg0,pte_ether.csv,Arg0
pte_testactive.csv,Arg0,pte_testactive.csv,Arg0
pte_testactive_Neg.csv,Arg0,pte_ketone.csv,Arg0
pte_testactive_Neg.csv,Arg0,pte_sulfide.csv,Arg0
pte_testactive_Neg.csv,Arg0,pte_non_ar_hetero_5_ring.csv,Arg0
pte_testactive_Neg.csv,Arg0,pte_non_ar_5c_ring.csv,Arg0
pte_testactive_Neg.csv,Arg0,pte_methyl.csv,Arg0
pte_testactive_Neg.csv,Arg0,pte_atm_count.csv,Arg0
pte_testactive_Neg.csv,Arg0,pte_imine.csv,Arg0
pte_testactive_Neg.csv,Arg0,pte_non_ar_6c_ring.csv,Arg0
pte_testactive_Neg.csv,Arg0,pte_atm_min_charge.csv,Arg0
pte_testactive_Neg.csv,Arg0,pte_ames.csv,Arg0
pte_testactive_Neg.csv,Arg0,pte_ester.csv,Arg0
pte_testactive_Neg.csv,Arg0,pte_bound_cnt.csv,Arg0
pte_testactive_Neg.csv,Arg0,pte_nitro.csv,Arg0
pte_testactive_Neg.csv,Arg0,pte_alkyl_halide.csv,Arg0
pte_testactive_Neg.csv,Arg0,pte_alcohol.csv,Arg0
pte_testactive_Neg.csv,Arg0,pte_mutagenic.csv,Arg0
pte_testactive_Neg.csv,Arg0,pte_non_ar_hetero_6_ring.csv,Arg0
pte_testactive_Neg.csv,Arg0,pte_postestactive_neg.csv,Arg0
pte_testactive_Neg.csv,Arg0,pte_ind.csv,Arg0
pte_testactive_Neg.csv,Arg0,pte_atm_max_charge.csv,Arg0
pte_testactive_Neg.csv,Arg0,pte_has_property.csv,Arg0
pte_testactive_Neg.csv,Arg0,pte_phenol.csv,Arg0
pte_testactive_Neg.csv,Arg0,pte_methoxy.csv,Arg0
pte_testactive_Neg.csv,Arg0,pte_sulfo.csv,Arg0
pte_testactive_Neg.csv,Arg0,pte_postestactive.csv,Arg0
pte_testactive_Neg.csv,Arg0,pte_active.csv,Arg0
pte_testactive_Neg.csv,Arg0,pte_testactive.csv,Arg0
pte_testactive_Neg.csv,Arg0,pte_six_ring.csv,Arg0
pte_testactive_Neg.csv,Arg0,pte_amine.csv,Arg0
pte_testactive_Neg.csv,Arg0,pte_five_ring.csv,Arg0
pte_testactive_Neg.csv,Arg0,pte_ether.csv,Arg0
pte_testactive_Neg.csv,Arg0,pte_testactive_Neg.csv,Arg0
UKDebate.csv,country,world_country.csv,Name
UKDebate.csv,country,wikipedia-iso-country-codes.csv,English_short_name_lower_case
UKDebate.csv,country,AdventureWorks2014_salesTerritory.csv,Name
UKDebate.csv,country,AdventureWorks2014_CountryRegion.csv,Name
UKDebate.csv,country,countries_metadatacountries.csv,CountryName
UKDebate.csv,country,movies.csv,country
UKDebate.csv,country,countries_of_the_world.csv,Country
UKDebate.csv,country,cwurData.csv,country
UKDebate.csv,country,countries_and_continents.csv,name
UKDebate.csv,country,countries_and_continents.csv,official_name_en
UKDebate.csv,country,countries_and_continents.csv,ISO4217-currency_country_name
UKDebate.csv,country,netflix_titles.csv,country
UKDebate.csv,country,gender_development.csv,Country
UKDebate.csv,country,affirmative_asylum.csv,ContinentCountryofNationality
UKDebate.csv,country,hfi_cc_2018.csv,countries
UKDebate.csv,country,population_by_country_2020.csv,CountryDependency
UKDebate.csv,country,world-cities.csv,country
UKDebate.csv,country,Word_University_Rank_2020.csv,Country
UKDebate.csv,country,edu.csv,country
UKDebate.csv,country,movie_metadata.csv,country
UKDebate.csv,country,World_countries_env_vars.csv,Country
UKDebate.csv,country,USA_cars_datasets.csv,country
UKDebate.csv,country,whr2015.csv,Country
UKDebate.csv,country,MoviesOnStreamingPlatforms_updated.csv,Country
UKDebate.csv,country,who_suicide_statistics.csv,country
UKDebate.csv,country,fifa_ranking.csv,country_full
UKDebate.csv,country,countries_data.csv,CountryName
UKDebate.csv,country,world_country.csv,LocalName
UKDebate.csv,country,countries_and_continents.csv,official_name_fr
UKDebate.csv,country,USA_cars_datasets.csv,country
UKDebate.csv,country,world_country.csv,Name
UKDebate.csv,country,wikipedia-iso-country-codes.csv,English_short_name_lower_case
UKDebate.csv,country,AdventureWorks2014_salesTerritory.csv,Name
UKDebate.csv,country,AdventureWorks2014_CountryRegion.csv,Name
UKDebate.csv,country,countries_metadatacountries.csv,CountryName
UKDebate.csv,country,movies.csv,country
UKDebate.csv,country,countries_of_the_world.csv,Country
UKDebate.csv,country,cwurData.csv,country
UKDebate.csv,country,countries_and_continents.csv,name
UKDebate.csv,country,countries_and_continents.csv,official_name_en
UKDebate.csv,country,countries_and_continents.csv,ISO4217-currency_country_name
UKDebate.csv,country,netflix_titles.csv,country
UKDebate.csv,country,gender_development.csv,Country
UKDebate.csv,country,affirmative_asylum.csv,ContinentCountryofNationality
UKDebate.csv,country,hfi_cc_2018.csv,countries
UKDebate.csv,country,population_by_country_2020.csv,CountryDependency
UKDebate.csv,country,world-cities.csv,country
UKDebate.csv,country,Word_University_Rank_2020.csv,Country
UKDebate.csv,country,edu.csv,country
UKDebate.csv,country,movie_metadata.csv,country
UKDebate.csv,country,World_countries_env_vars.csv,Country
UKDebate.csv,country,USA_cars_datasets.csv,country
UKDebate.csv,country,whr2015.csv,Country
UKDebate.csv,country,MoviesOnStreamingPlatforms_updated.csv,Country
UKDebate.csv,country,who_suicide_statistics.csv,country
UKDebate.csv,country,fifa_ranking.csv,country_full
UKDebate.csv,country,countries_data.csv,CountryName
UKDebate.csv,country,world_country.csv,LocalName
UKDebate.csv,country,countries_and_continents.csv,official_name_fr
UKDebate.csv,country,USA_cars_datasets.csv,country
UKDebate.csv,country,UKDebate.csv,country
USA_cars_datasets.csv,country,world_country.csv,Name
USA_cars_datasets.csv,country,wikipedia-iso-country-codes.csv,English_short_name_lower_case
USA_cars_datasets.csv,country,AdventureWorks2014_salesTerritory.csv,Name
USA_cars_datasets.csv,country,AdventureWorks2014_CountryRegion.csv,Name
USA_cars_datasets.csv,country,countries_metadatacountries.csv,CountryName
USA_cars_datasets.csv,country,movies.csv,country
USA_cars_datasets.csv,country,countries_of_the_world.csv,Country
USA_cars_datasets.csv,country,cwurData.csv,country
USA_cars_datasets.csv,country,countries_and_continents.csv,name
USA_cars_datasets.csv,country,countries_and_continents.csv,official_name_en
USA_cars_datasets.csv,country,countries_and_continents.csv,ISO4217-currency_country_name
USA_cars_datasets.csv,country,netflix_titles.csv,country
USA_cars_datasets.csv,country,gender_development.csv,Country
USA_cars_datasets.csv,country,affirmative_asylum.csv,ContinentCountryofNationality
USA_cars_datasets.csv,country,hfi_cc_2018.csv,countries
USA_cars_datasets.csv,country,population_by_country_2020.csv,CountryDependency
USA_cars_datasets.csv,country,world-cities.csv,country
USA_cars_datasets.csv,country,Word_University_Rank_2020.csv,Country
USA_cars_datasets.csv,country,edu.csv,country
USA_cars_datasets.csv,country,movie_metadata.csv,country
USA_cars_datasets.csv,country,World_countries_env_vars.csv,Country
USA_cars_datasets.csv,country,whr2015.csv,Country
USA_cars_datasets.csv,country,MoviesOnStreamingPlatforms_updated.csv,Country
USA_cars_datasets.csv,country,who_suicide_statistics.csv,country
USA_cars_datasets.csv,country,fifa_ranking.csv,country_full
USA_cars_datasets.csv,country,UKDebate.csv,country
USA_cars_datasets.csv,country,countries_data.csv,CountryName
USA_cars_datasets.csv,country,world_country.csv,LocalName
USA_cars_datasets.csv,country,countries_and_continents.csv,official_name_fr
USA_cars_datasets.csv,country,UKDebate.csv,country
USA_cars_datasets.csv,country,world_country.csv,Name
USA_cars_datasets.csv,country,wikipedia-iso-country-codes.csv,English_short_name_lower_case
USA_cars_datasets.csv,country,AdventureWorks2014_salesTerritory.csv,Name
USA_cars_datasets.csv,country,AdventureWorks2014_CountryRegion.csv,Name
USA_cars_datasets.csv,country,countries_metadatacountries.csv,CountryName
USA_cars_datasets.csv,country,movies.csv,country
USA_cars_datasets.csv,country,countries_of_the_world.csv,Country
USA_cars_datasets.csv,country,cwurData.csv,country
USA_cars_datasets.csv,country,countries_and_continents.csv,name
USA_cars_datasets.csv,country,countries_and_continents.csv,official_name_en
USA_cars_datasets.csv,country,countries_and_continents.csv,ISO4217-currency_country_name
USA_cars_datasets.csv,country,netflix_titles.csv,country
USA_cars_datasets.csv,country,gender_development.csv,Country
USA_cars_datasets.csv,country,affirmative_asylum.csv,ContinentCountryofNationality
USA_cars_datasets.csv,country,hfi_cc_2018.csv,countries
USA_cars_datasets.csv,country,population_by_country_2020.csv,CountryDependency
USA_cars_datasets.csv,country,world-cities.csv,country
USA_cars_datasets.csv,country,Word_University_Rank_2020.csv,Country
USA_cars_datasets.csv,country,edu.csv,country
USA_cars_datasets.csv,country,movie_metadata.csv,country
USA_cars_datasets.csv,country,World_countries_env_vars.csv,Country
USA_cars_datasets.csv,country,whr2015.csv,Country
USA_cars_datasets.csv,country,MoviesOnStreamingPlatforms_updated.csv,Country
USA_cars_datasets.csv,country,who_suicide_statistics.csv,country
USA_cars_datasets.csv,country,fifa_ranking.csv,country_full
USA_cars_datasets.csv,country,UKDebate.csv,country
USA_cars_datasets.csv,country,countries_data.csv,CountryName
USA_cars_datasets.csv,country,world_country.csv,LocalName
USA_cars_datasets.csv,country,countries_and_continents.csv,official_name_fr
USA_cars_datasets.csv,country,UKDebate.csv,country
USA_cars_datasets.csv,country,USA_cars_datasets.csv,country
who_suicide_statistics.csv,country,world_country.csv,Name
who_suicide_statistics.csv,country,wikipedia-iso-country-codes.csv,English_short_name_lower_case
who_suicide_statistics.csv,country,AdventureWorks2014_salesTerritory.csv,Name
who_suicide_statistics.csv,country,AdventureWorks2014_CountryRegion.csv,Name
who_suicide_statistics.csv,country,countries_metadatacountries.csv,CountryName
who_suicide_statistics.csv,country,movies.csv,country
who_suicide_statistics.csv,country,countries_of_the_world.csv,Country
who_suicide_statistics.csv,country,cwurData.csv,country
who_suicide_statistics.csv,country,countries_and_continents.csv,name
who_suicide_statistics.csv,country,countries_and_continents.csv,official_name_en
who_suicide_statistics.csv,country,countries_and_continents.csv,ISO4217-currency_country_name
who_suicide_statistics.csv,country,netflix_titles.csv,country
who_suicide_statistics.csv,country,gender_development.csv,Country
who_suicide_statistics.csv,country,affirmative_asylum.csv,ContinentCountryofNationality
who_suicide_statistics.csv,country,hfi_cc_2018.csv,countries
who_suicide_statistics.csv,country,population_by_country_2020.csv,CountryDependency
who_suicide_statistics.csv,country,world-cities.csv,country
who_suicide_statistics.csv,country,Word_University_Rank_2020.csv,Country
who_suicide_statistics.csv,country,edu.csv,country
who_suicide_statistics.csv,country,movie_metadata.csv,country
who_suicide_statistics.csv,country,World_countries_env_vars.csv,Country
who_suicide_statistics.csv,country,USA_cars_datasets.csv,country
who_suicide_statistics.csv,country,whr2015.csv,Country
who_suicide_statistics.csv,country,MoviesOnStreamingPlatforms_updated.csv,Country
who_suicide_statistics.csv,country,fifa_ranking.csv,country_full
who_suicide_statistics.csv,country,UKDebate.csv,country
who_suicide_statistics.csv,country,countries_data.csv,CountryName
who_suicide_statistics.csv,country,world_country.csv,LocalName
who_suicide_statistics.csv,country,countries_and_continents.csv,official_name_fr
who_suicide_statistics.csv,country,USA_cars_datasets.csv,country
who_suicide_statistics.csv,country,UKDebate.csv,country
who_suicide_statistics.csv,country,who_suicide_statistics.csv,country
whr2015.csv,Country,world_country.csv,Name
whr2015.csv,Country,wikipedia-iso-country-codes.csv,English_short_name_lower_case
whr2015.csv,Country,AdventureWorks2014_salesTerritory.csv,Name
whr2015.csv,Country,AdventureWorks2014_CountryRegion.csv,Name
whr2015.csv,Country,countries_metadatacountries.csv,CountryName
whr2015.csv,Country,movies.csv,country
whr2015.csv,Country,countries_of_the_world.csv,Country
whr2015.csv,Country,cwurData.csv,country
whr2015.csv,Country,countries_and_continents.csv,name
whr2015.csv,Country,countries_and_continents.csv,official_name_en
whr2015.csv,Country,countries_and_continents.csv,ISO4217-currency_country_name
whr2015.csv,Country,netflix_titles.csv,country
whr2015.csv,Country,gender_development.csv,Country
whr2015.csv,Country,affirmative_asylum.csv,ContinentCountryofNationality
whr2015.csv,Country,hfi_cc_2018.csv,countries
whr2015.csv,Country,population_by_country_2020.csv,CountryDependency
whr2015.csv,Country,world-cities.csv,country
whr2015.csv,Country,Word_University_Rank_2020.csv,Country
whr2015.csv,Country,edu.csv,country
whr2015.csv,Country,movie_metadata.csv,country
whr2015.csv,Country,World_countries_env_vars.csv,Country
whr2015.csv,Country,USA_cars_datasets.csv,country
whr2015.csv,Country,MoviesOnStreamingPlatforms_updated.csv,Country
whr2015.csv,Country,who_suicide_statistics.csv,country
whr2015.csv,Country,fifa_ranking.csv,country_full
whr2015.csv,Country,UKDebate.csv,country
whr2015.csv,Country,countries_data.csv,CountryName
whr2015.csv,Country,world_country.csv,LocalName
whr2015.csv,Country,countries_and_continents.csv,official_name_fr
whr2015.csv,Country,USA_cars_datasets.csv,country
whr2015.csv,Country,UKDebate.csv,country
whr2015.csv,Country,whr2015.csv,Country
wikipedia-iso-country-codes.csv,English_short_name_lower_case,world_country.csv,Name
wikipedia-iso-country-codes.csv,English_short_name_lower_case,AdventureWorks2014_salesTerritory.csv,Name
wikipedia-iso-country-codes.csv,English_short_name_lower_case,AdventureWorks2014_CountryRegion.csv,Name
wikipedia-iso-country-codes.csv,English_short_name_lower_case,countries_metadatacountries.csv,CountryName
wikipedia-iso-country-codes.csv,English_short_name_lower_case,movies.csv,country
wikipedia-iso-country-codes.csv,English_short_name_lower_case,countries_of_the_world.csv,Country
wikipedia-iso-country-codes.csv,English_short_name_lower_case,cwurData.csv,country
wikipedia-iso-country-codes.csv,English_short_name_lower_case,countries_and_continents.csv,name
wikipedia-iso-country-codes.csv,English_short_name_lower_case,countries_and_continents.csv,official_name_en
wikipedia-iso-country-codes.csv,English_short_name_lower_case,countries_and_continents.csv,ISO4217-currency_country_name
wikipedia-iso-country-codes.csv,English_short_name_lower_case,netflix_titles.csv,country
wikipedia-iso-country-codes.csv,English_short_name_lower_case,gender_development.csv,Country
wikipedia-iso-country-codes.csv,English_short_name_lower_case,affirmative_asylum.csv,ContinentCountryofNationality
wikipedia-iso-country-codes.csv,English_short_name_lower_case,hfi_cc_2018.csv,countries
wikipedia-iso-country-codes.csv,English_short_name_lower_case,population_by_country_2020.csv,CountryDependency
wikipedia-iso-country-codes.csv,English_short_name_lower_case,world-cities.csv,country
wikipedia-iso-country-codes.csv,English_short_name_lower_case,Word_University_Rank_2020.csv,Country
wikipedia-iso-country-codes.csv,English_short_name_lower_case,edu.csv,country
wikipedia-iso-country-codes.csv,English_short_name_lower_case,movie_metadata.csv,country
wikipedia-iso-country-codes.csv,English_short_name_lower_case,World_countries_env_vars.csv,Country
wikipedia-iso-country-codes.csv,English_short_name_lower_case,USA_cars_datasets.csv,country
wikipedia-iso-country-codes.csv,English_short_name_lower_case,whr2015.csv,Country
wikipedia-iso-country-codes.csv,English_short_name_lower_case,MoviesOnStreamingPlatforms_updated.csv,Country
wikipedia-iso-country-codes.csv,English_short_name_lower_case,who_suicide_statistics.csv,country
wikipedia-iso-country-codes.csv,English_short_name_lower_case,fifa_ranking.csv,country_full
wikipedia-iso-country-codes.csv,English_short_name_lower_case,UKDebate.csv,country
wikipedia-iso-country-codes.csv,English_short_name_lower_case,countries_data.csv,CountryName
wikipedia-iso-country-codes.csv,English_short_name_lower_case,world_country.csv,LocalName
wikipedia-iso-country-codes.csv,English_short_name_lower_case,countries_and_continents.csv,official_name_fr
wikipedia-iso-country-codes.csv,English_short_name_lower_case,USA_cars_datasets.csv,country
wikipedia-iso-country-codes.csv,English_short_name_lower_case,UKDebate.csv,country
wikipedia-iso-country-codes.csv,English_short_name_lower_case,wikipedia-iso-country-codes.csv,English_short_name_lower_case
Word_University_Rank_2020.csv,Country,world_country.csv,Name
Word_University_Rank_2020.csv,Country,wikipedia-iso-country-codes.csv,English_short_name_lower_case
Word_University_Rank_2020.csv,Country,AdventureWorks2014_salesTerritory.csv,Name
Word_University_Rank_2020.csv,Country,AdventureWorks2014_CountryRegion.csv,Name
Word_University_Rank_2020.csv,Country,countries_metadatacountries.csv,CountryName
Word_University_Rank_2020.csv,Country,movies.csv,country
Word_University_Rank_2020.csv,Country,countries_of_the_world.csv,Country
Word_University_Rank_2020.csv,Country,cwurData.csv,country
Word_University_Rank_2020.csv,Country,countries_and_continents.csv,name
Word_University_Rank_2020.csv,Country,countries_and_continents.csv,official_name_en
Word_University_Rank_2020.csv,Country,countries_and_continents.csv,ISO4217-currency_country_name
Word_University_Rank_2020.csv,Country,netflix_titles.csv,country
Word_University_Rank_2020.csv,Country,gender_development.csv,Country
Word_University_Rank_2020.csv,Country,affirmative_asylum.csv,ContinentCountryofNationality
Word_University_Rank_2020.csv,Country,hfi_cc_2018.csv,countries
Word_University_Rank_2020.csv,Country,population_by_country_2020.csv,CountryDependency
Word_University_Rank_2020.csv,Country,world-cities.csv,country
Word_University_Rank_2020.csv,Country,edu.csv,country
Word_University_Rank_2020.csv,Country,movie_metadata.csv,country
Word_University_Rank_2020.csv,Country,World_countries_env_vars.csv,Country
Word_University_Rank_2020.csv,Country,USA_cars_datasets.csv,country
Word_University_Rank_2020.csv,Country,whr2015.csv,Country
Word_University_Rank_2020.csv,Country,MoviesOnStreamingPlatforms_updated.csv,Country
Word_University_Rank_2020.csv,Country,who_suicide_statistics.csv,country
Word_University_Rank_2020.csv,Country,fifa_ranking.csv,country_full
Word_University_Rank_2020.csv,Country,UKDebate.csv,country
Word_University_Rank_2020.csv,Country,countries_data.csv,CountryName
Word_University_Rank_2020.csv,Country,world_country.csv,LocalName
Word_University_Rank_2020.csv,Country,countries_and_continents.csv,official_name_fr
Word_University_Rank_2020.csv,Country,USA_cars_datasets.csv,country
Word_University_Rank_2020.csv,Country,UKDebate.csv,country
Word_University_Rank_2020.csv,Country,Word_University_Rank_2020.csv,Country
World_countries_env_vars.csv,Country,world_country.csv,Name
World_countries_env_vars.csv,Country,wikipedia-iso-country-codes.csv,English_short_name_lower_case
World_countries_env_vars.csv,Country,AdventureWorks2014_salesTerritory.csv,Name
World_countries_env_vars.csv,Country,AdventureWorks2014_CountryRegion.csv,Name
World_countries_env_vars.csv,Country,countries_metadatacountries.csv,CountryName
World_countries_env_vars.csv,Country,movies.csv,country
World_countries_env_vars.csv,Country,countries_of_the_world.csv,Country
World_countries_env_vars.csv,Country,cwurData.csv,country
World_countries_env_vars.csv,Country,countries_and_continents.csv,name
World_countries_env_vars.csv,Country,countries_and_continents.csv,official_name_en
World_countries_env_vars.csv,Country,countries_and_continents.csv,ISO4217-currency_country_name
World_countries_env_vars.csv,Country,netflix_titles.csv,country
World_countries_env_vars.csv,Country,gender_development.csv,Country
World_countries_env_vars.csv,Country,affirmative_asylum.csv,ContinentCountryofNationality
World_countries_env_vars.csv,Country,hfi_cc_2018.csv,countries
World_countries_env_vars.csv,Country,population_by_country_2020.csv,CountryDependency
World_countries_env_vars.csv,Country,world-cities.csv,country
World_countries_env_vars.csv,Country,Word_University_Rank_2020.csv,Country
World_countries_env_vars.csv,Country,edu.csv,country
World_countries_env_vars.csv,Country,movie_metadata.csv,country
World_countries_env_vars.csv,Country,USA_cars_datasets.csv,country
World_countries_env_vars.csv,Country,whr2015.csv,Country
World_countries_env_vars.csv,Country,MoviesOnStreamingPlatforms_updated.csv,Country
World_countries_env_vars.csv,Country,who_suicide_statistics.csv,country
World_countries_env_vars.csv,Country,fifa_ranking.csv,country_full
World_countries_env_vars.csv,Country,UKDebate.csv,country
World_countries_env_vars.csv,Country,countries_data.csv,CountryName
World_countries_env_vars.csv,Country,world_country.csv,LocalName
World_countries_env_vars.csv,Country,countries_and_continents.csv,official_name_fr
World_countries_env_vars.csv,Country,USA_cars_datasets.csv,country
World_countries_env_vars.csv,Country,UKDebate.csv,country
World_countries_env_vars.csv,Country,World_countries_env_vars.csv,Country
world_country.csv,Name,wikipedia-iso-country-codes.csv,English_short_name_lower_case
world_country.csv,Name,AdventureWorks2014_salesTerritory.csv,Name
world_country.csv,Name,AdventureWorks2014_CountryRegion.csv,Name
world_country.csv,Name,countries_metadatacountries.csv,CountryName
world_country.csv,Name,movies.csv,country
world_country.csv,Name,countries_of_the_world.csv,Country
world_country.csv,Name,cwurData.csv,country
world_country.csv,Name,countries_and_continents.csv,name
world_country.csv,Name,countries_and_continents.csv,official_name_en
world_country.csv,Name,countries_and_continents.csv,ISO4217-currency_country_name
world_country.csv,Name,netflix_titles.csv,country
world_country.csv,Name,gender_development.csv,Country
world_country.csv,Name,affirmative_asylum.csv,ContinentCountryofNationality
world_country.csv,Name,hfi_cc_2018.csv,countries
world_country.csv,Name,population_by_country_2020.csv,CountryDependency
world_country.csv,Name,world-cities.csv,country
world_country.csv,Name,Word_University_Rank_2020.csv,Country
world_country.csv,Name,edu.csv,country
world_country.csv,Name,movie_metadata.csv,country
world_country.csv,Name,World_countries_env_vars.csv,Country
world_country.csv,Name,USA_cars_datasets.csv,country
world_country.csv,Name,whr2015.csv,Country
world_country.csv,Name,MoviesOnStreamingPlatforms_updated.csv,Country
world_country.csv,Name,who_suicide_statistics.csv,country
world_country.csv,Name,fifa_ranking.csv,country_full
world_country.csv,Name,UKDebate.csv,country
world_country.csv,Name,countries_data.csv,CountryName
world_country.csv,Name,countries_and_continents.csv,official_name_fr
world_country.csv,Name,USA_cars_datasets.csv,country
world_country.csv,Name,UKDebate.csv,country
world_country.csv,Name,world_country.csv,Name
world_country.csv,LocalName,wikipedia-iso-country-codes.csv,English_short_name_lower_case
world_country.csv,LocalName,AdventureWorks2014_salesTerritory.csv,Name
world_country.csv,LocalName,AdventureWorks2014_CountryRegion.csv,Name
world_country.csv,LocalName,countries_metadatacountries.csv,CountryName
world_country.csv,LocalName,movies.csv,country
world_country.csv,LocalName,countries_of_the_world.csv,Country
world_country.csv,LocalName,cwurData.csv,country
world_country.csv,LocalName,countries_and_continents.csv,name
world_country.csv,LocalName,countries_and_continents.csv,official_name_en
world_country.csv,LocalName,countries_and_continents.csv,ISO4217-currency_country_name
world_country.csv,LocalName,netflix_titles.csv,country
world_country.csv,LocalName,gender_development.csv,Country
world_country.csv,LocalName,affirmative_asylum.csv,ContinentCountryofNationality
world_country.csv,LocalName,hfi_cc_2018.csv,countries
world_country.csv,LocalName,population_by_country_2020.csv,CountryDependency
world_country.csv,LocalName,world-cities.csv,country
world_country.csv,LocalName,Word_University_Rank_2020.csv,Country
world_country.csv,LocalName,edu.csv,country
world_country.csv,LocalName,movie_metadata.csv,country
world_country.csv,LocalName,World_countries_env_vars.csv,Country
world_country.csv,LocalName,USA_cars_datasets.csv,country
world_country.csv,LocalName,whr2015.csv,Country
world_country.csv,LocalName,MoviesOnStreamingPlatforms_updated.csv,Country
world_country.csv,LocalName,who_suicide_statistics.csv,country
world_country.csv,LocalName,fifa_ranking.csv,country_full
world_country.csv,LocalName,UKDebate.csv,country
world_country.csv,LocalName,countries_data.csv,CountryName
world_country.csv,LocalName,countries_and_continents.csv,official_name_fr
world_country.csv,LocalName,USA_cars_datasets.csv,country
world_country.csv,LocalName,UKDebate.csv,country
world_country.csv,LocalName,world_country.csv,LocalName
world-cities.csv,country,world_country.csv,Name
world-cities.csv,country,wikipedia-iso-country-codes.csv,English_short_name_lower_case
world-cities.csv,country,AdventureWorks2014_salesTerritory.csv,Name
world-cities.csv,country,AdventureWorks2014_CountryRegion.csv,Name
world-cities.csv,country,countries_metadatacountries.csv,CountryName
world-cities.csv,country,movies.csv,country
world-cities.csv,country,countries_of_the_world.csv,Country
world-cities.csv,country,cwurData.csv,country
world-cities.csv,country,countries_and_continents.csv,name
world-cities.csv,country,countries_and_continents.csv,official_name_en
world-cities.csv,country,countries_and_continents.csv,ISO4217-currency_country_name
world-cities.csv,country,netflix_titles.csv,country
world-cities.csv,country,gender_development.csv,Country
world-cities.csv,country,affirmative_asylum.csv,ContinentCountryofNationality
world-cities.csv,country,hfi_cc_2018.csv,countries
world-cities.csv,country,population_by_country_2020.csv,CountryDependency
world-cities.csv,country,Word_University_Rank_2020.csv,Country
world-cities.csv,country,edu.csv,country
world-cities.csv,country,movie_metadata.csv,country
world-cities.csv,country,World_countries_env_vars.csv,Country
world-cities.csv,country,USA_cars_datasets.csv,country
world-cities.csv,country,whr2015.csv,Country
world-cities.csv,country,MoviesOnStreamingPlatforms_updated.csv,Country
world-cities.csv,country,who_suicide_statistics.csv,country
world-cities.csv,country,fifa_ranking.csv,country_full
world-cities.csv,country,UKDebate.csv,country
world-cities.csv,country,countries_data.csv,CountryName
world-cities.csv,country,world_country.csv,LocalName
world-cities.csv,country,countries_and_continents.csv,official_name_fr
world-cities.csv,country,USA_cars_datasets.csv,country
world-cities.csv,country,UKDebate.csv,country
world-cities.csv,country,world-cities.csv,country
